Ticker;Name;Fitch Long Term Issuer Default Rating;Cntry Terrtry;GICS Sector
2600 HK Equity;ALUMINUM CORP OF CHINA LTD-H;BBB+;CH;Materials
BOMH IN Equity;BANK OF MAHARASHTRA;BBB-;IN;Financials
AC* MM Equity;ARCA CONTINENTAL SAB DE CV;A;MX;Consumer Staples
5876 TT Equity;THE SHANGHAI COMMERCIAL & SA;A-;TA;Financials
CRH US Equity;CRH PLC;BBB+;IR;Materials
H US Equity;HYATT HOTELS CORP - CL A;BBB-;US;Consumer Discretionary
2885 TT Equity;YUANTA FINANCIAL HOLDING CO;BBB+;TA;Financials
BMED IM Equity;BANCA MEDIOLANUM SPA;BBB+;IT;Financials
2887 TT Equity;TS FINANCIAL HOLDING CO LTD;BBB;TA;Financials
6881 HK Equity;CHINA GALAXY SECURITIES CO-H;BBB+;CH;Financials
SBRA US Equity;SABRA HEALTH CARE REIT INC;BBB-;US;Real Estate
2889 TT Equity;IBF FINANCIAL HOLDINGS CO LT;BBB;TA;Financials
PGAS IJ Equity;PERUSAHAAN GAS NEGARA PERSER;BBB-;ID;Utilities
2890 TT Equity;SINOPAC FINANCIAL HOLDINGS;BBB+;TA;Financials
WCN CN Equity;WASTE CONNECTIONS INC;A-;CA;Industrials
PNB IN Equity;PUNJAB NATIONAL BANK;BBB-;IN;Financials
STC AB Equity;SAUDI TELECOM CO;A+;SR;Communication Services
RNG US Equity;RINGCENTRAL INC-CLASS A;BB+;US;Information Technology
WYNN US Equity;WYNN RESORTS LTD;BB-;US;Consumer Discretionary
ZENITHBA NL Equity;ZENITH BANK PLC;B;NG;Financials
EAND UH Equity;EMIRATES TELECOM GROUP CO;AA-;UA;Communication Services
GCC* MM Equity;GCC SAB DE CV;BBB;MX;Materials
MMLP US Equity;MARTIN MIDSTREAM PARTNERS LP;B-;US;Energy
FIDELITY NL Equity;FIDELITY BANK/NIGERIA;B;NG;Financials
BANC US Equity;BANC OF CALIFORNIA INC;BBB-;US;Financials
IRFC IN Equity;INDIAN RAILWAY FINANCE CORP;BBB-;IN;Financials
FLUT US Equity;FLUTTER ENTERTAINMENT PLC-DI;BBB-;US;Consumer Discretionary
PRAA US Equity;PRA GROUP INC;BB;US;Financials
ARAMCO AB Equity;SAUDI ARABIAN OIL CO;A+;SR;Energy
GFH BI Equity;GFH FINANCIAL GROUP BSC;B;BJ;Financials
2883 HK Equity;CHINA OILFIELD SERVICES-H;A-;CH;Energy
8316 JP Equity;SUMITOMO MITSUI FINANCIAL GR;A-;JN;Financials
2628 HK Equity;CHINA LIFE INSURANCE CO-H;A;CH;Financials
OCDO LN Equity;OCADO GROUP PLC;B-;GB;Consumer Staples
EQIX US Equity;EQUINIX INC;BBB+;US;Real Estate
601377 CH Equity;INDUSTRIAL SECURITIES CO-A;BBB;CH;Financials
CENCOSUD CI Equity;CENCOSUD SA;BBB;CL;Consumer Staples
8411 JP Equity;MIZUHO FINANCIAL GROUP INC;A-;JN;Financials
601166 CH Equity;INDUSTRIAL BANK CO LTD -A;BBB;CH;Financials
ADMF IJ Equity;ADIRA DINAMIKA MULTI FINANCE;BBB;ID;Financials
ABQK QD Equity;AL AHLI BANK;A;QA;Financials
DHBK QD Equity;DOHA BANK QPSC;A;QA;Financials
CBQK QD Equity;COMMERCIAL BANK PSQC;A;QA;Financials
QIBK QD Equity;QATAR ISLAMIC BANK;A;QA;Financials
QIIK QD Equity;QATAR INTERNATIONAL ISLAMIC;A;QA;Financials
QNBK QD Equity;QATAR NATIONAL BANK;A+;QA;Financials
6269 JP Equity;MODEC INC;BBB;JN;Energy
HOLN SW Equity;HOLCIM LTD;BBB+;SZ;Materials
IGD IM Equity;IMMOBILIARE GRANDE DISTRIBUZ;BBB-;IT;Real Estate
6723 JP Equity;RENESAS ELECTRONICS CORP;BBB;JN;Information Technology
600900 CH Equity;CHINA YANGTZE POWER CO LTD-A;A;CH;Utilities
LKQ US Equity;LKQ CORP;BBB-;US;Consumer Discretionary
SGI US Equity;SOMNIGROUP INTERNATIONAL INC;BB+;US;Consumer Discretionary
WLK US Equity;WESTLAKE CORP;BBB;US;Materials
IGG LN Equity;IG GROUP HOLDINGS PLC;BBB;GB;Financials
CNO US Equity;CNO FINANCIAL GROUP INC;BBB+;US;Financials
SNG RO Equity;SOCIETATEA NATIONALA DE GAZE;BBB-;RO;Energy
VNA GR Equity;VONOVIA SE;BBB+;GE;Real Estate
CGX CN Equity;CINEPLEX INC;B;CA;Communication Services
600021 CH Equity;SHANGHAI ELECTRIC POWER CO-A;BBB+;CH;Utilities
CVW AU Equity;CLEARVIEW WEALTH LTD;BBB;AU;Financials
KRO US Equity;KRONOS WORLDWIDE INC;B+;US;Materials
NST AU Equity;NORTHERN STAR RESOURCES LTD;BBB-;AU;Materials
MTX GR Equity;MTU AERO ENGINES AG;BBB;GE;Industrials
NRG US Equity;NRG ENERGY INC;BB+;US;Utilities
CSU CN Equity;CONSTELLATION SOFTWARE INC;BBB+;CA;Information Technology
ITV LN Equity;ITV PLC;BBB-;GB;Communication Services
HTH US Equity;HILLTOP HOLDINGS INC;BBB+;US;Financials
939 HK Equity;CHINA CONSTRUCTION BANK-H;A;CH;Financials
MAIN US Equity;MAIN STREET CAPITAL CORP;BBB-;US;Financials
ABR US Equity;ARBOR REALTY TRUST INC;BB;US;Financials
KOS US Equity;KOSMOS ENERGY LTD;CCC+;US;Energy
CBRE US Equity;CBRE GROUP INC - A;BBB+;US;Real Estate
2338 HK Equity;WEICHAI POWER CO LTD-H;BBB+;CH;Industrials
BIFC1 PE Equity;BANCO INTERAMERICANO FINANZA;BB+;PE;
CSN LN Equity;CHESNARA PLC;A-;GB;Financials
TMUS US Equity;T-MOBILE US INC;BBB+;US;Communication Services
KRG US Equity;KITE REALTY GROUP TRUST;BBB;US;Real Estate
KAR AU Equity;KAROON ENERGY LTD;B;AU;Energy
MAADEN AB Equity;SAUDI ARABIAN MINING CO;BBB+;SR;Materials
AMS SW Equity;AMS-OSRAM AG;B;AS;Information Technology
ARCC US Equity;ARES CAPITAL CORP;BBB;US;Financials
ADM LN Equity;ADMIRAL GROUP PLC;A;GB;Financials
SESG FP Equity;SES;BBB-;LX;Communication Services
WTI US Equity;W&T OFFSHORE INC;B-;US;Energy
DBM CN Equity;DOMAN BUILDING MATERIALS GRO;B+;CA;Industrials
VESTA* MM Equity;CORP INMOBILIARIA VESTA SAB;BBB-;MX;Real Estate
ASBN KZ Equity;FORTEBANK JSC;BB;KZ;Financials
UTCEM IN Equity;ULTRATECH CEMENT LTD;BBB-;IN;Materials
KSTL UZ Equity;ARCELORMITTAL KRYVYI RIH;CC;UK;Materials
700 HK Equity;TENCENT HOLDINGS LTD;A;CH;Communication Services
CCOLA TI Equity;COCA-COLA ICECEK AS;BBB;TU;Consumer Staples
GOLL54 BZ Equity;GOL LINHAS AEREAS INT SA-PRE;CCC+;BZ;Industrials
TCS IN Equity;TATA CONSULTANCY SVCS LTD;A;IN;Information Technology
WAL US Equity;WESTERN ALLIANCE BANCORP;BBB;US;Financials
RF US Equity;REGIONS FINANCIAL CORP;A-;US;Financials
DLR US Equity;DIGITAL REALTY TRUST INC;BBB;US;Real Estate
LVS US Equity;LAS VEGAS SANDS CORP;BBB;US;Consumer Discretionary
HUN US Equity;HUNTSMAN CORP;BBB-;US;Materials
CPFE3 BZ Equity;CPFL ENERGIA SA;BBB;BZ;Utilities
CSAN3 BZ Equity;COSAN SA;BB;BZ;Consumer Discretionary
MOS US Equity;MOSAIC CO/THE;BBB;US;Materials
IFC CN Equity;INTACT FINANCIAL CORP;A;CA;Financials
NWE US Equity;NORTHWESTERN ENERGY GROUP IN;BBB;US;Utilities
COLD US Equity;AMERICOLD REALTY TRUST INC;BBB;US;Real Estate
000333 CH Equity;MIDEA GROUP CO LTD-A;A;CH;Consumer Discretionary
823 HK Equity;LINK REIT;A;HK;Real Estate
VCB VN Equity;BANK FOR FOREIGN TRADE JSC;BB+;VN;Financials
WEX US Equity;WEX INC;BB+;US;Financials
ENT LN Equity;ENTAIN PLC;BB;GB;Consumer Discretionary
CE US Equity;CELANESE CORP;BB+;US;Materials
002736 CH Equity;GUOSEN SECURITIES CO LTD-A;BBB+;CH;Financials
SVEAF SS Equity;SVEAFASTIGHETER AB;BBB-;SW;Real Estate
HTGC US Equity;HERCULES CAPITAL INC;BBB-;US;Financials
JAZZ US Equity;JAZZ PHARMACEUTICALS PLC;BB;IR;Health Care
ALBI AB Equity;BANK ALBILAD;A-;SR;Financials
OTEL OM Equity;OMAN TELECOMMUNICATIONS CO;BBB-;OM;Communication Services
CMCX LN Equity;CMC MARKETS PLC;BBB-;GB;Financials
CF US Equity;CF INDUSTRIES HOLDINGS INC;BBB;US;Materials
GTE US Equity;GRAN TIERRA ENERGY INC;B+;CA;Energy
3311 HK Equity;CHINA STATE CONSTRUCTION INT;BBB+;HK;Industrials
AMP US Equity;AMERIPRISE FINANCIAL INC;A-;US;Financials
3328 HK Equity;BANK OF COMMUNICATIONS CO-H;A;CH;Financials
MLT SP Equity;MAPLETREE LOGISTICS TRUST;BBB+;SI;Real Estate
EIB UH Equity;EMIRATES ISLAMIC BANK;A+;UA;Financials
BIDU US Equity;BAIDU INC - SPON ADR;A;CH;Communication Services
SGREIT SP Equity;STARHILL GLOBAL REIT;BBB;SI;Real Estate
EXPE US Equity;EXPEDIA GROUP INC;BBB;US;Consumer Discretionary
TAQA UH Equity;ABU DHABI NATIONAL ENERGY CO;AA;UA;Utilities
ACCO US Equity;ACCO BRANDS CORP;BB-;US;Industrials
EVOK LN Equity;EVOKE PLC;B;GI;Consumer Discretionary
ET US Equity;ENERGY TRANSFER LP;BBB;US;Energy
3988 HK Equity;BANK OF CHINA LTD-H;A;CH;Financials
EFGN SW Equity;EFG INTERNATIONAL AG;A;SZ;Financials
KOP US Equity;KOPPERS HOLDINGS INC;BB-;US;Materials
HIK LN Equity;HIKMA PHARMACEUTICALS PLC;BBB;GB;Health Care
EREIT SP Equity;ESR-REIT;BBB;SI;Real Estate
IVT US Equity;INVENTRUST PROPERTIES CORP;BBB-;US;Real Estate
880 HK Equity;SJM HOLDINGS LTD;BB-;HK;Consumer Discretionary
405 HK Equity;YUEXIU REAL ESTATE INVESTMEN;BBB-;HK;Real Estate
TAVHL TI Equity;TAV HAVALIMANLARI HOLDING AS;BB+;TU;Industrials
TCB VN Equity;VIETNAM TECHNOLOGICAL & COMM;BB-;VN;Financials
MARK QD Equity;AL RAYAN BANK;A;QA;Financials
NOG US Equity;NORTHERN OIL AND GAS INC;BB-;US;Energy
CLAS SP Equity;CAPITALAND ASCOTT TRUST;BBB;SI;Real Estate
UAL US Equity;UNITED AIRLINES HOLDINGS INC;BB+;US;Industrials
LIGT3 BZ Equity;LIGHT SA;D;BZ;Utilities
GRF SM Equity;GRIFOLS SA;B+;SP;Health Care
1800 HK Equity;CHINA COMMUNICATIONS CONST-H;BBB+;CH;Industrials
CATE SS Equity;CATENA AB;BBB;SW;Real Estate
FINDEP* MM Equity;FINANCIERA INDEPENDENCIA SAB;BB;MX;Financials
THBEV SP Equity;THAI BEVERAGE PCL;BBB-;TH;Consumer Staples
KBR US Equity;KBR INC;BB+;US;Industrials
QVCGA US Equity;QVC GROUP INC;CCC+;US;Consumer Discretionary
RECL IN Equity;REC LTD;BBB-;IN;Financials
UGZB UZ Equity;UKRGAZBANK;CCC;UK;
ALGT US Equity;ALLEGIANT TRAVEL CO;BB-;US;Industrials
KALU US Equity;KAISER ALUMINUM CORP;BB-;US;Materials
BOUBYAN KK Equity;BOUBYAN BANK K.S.C;A;KU;Financials
ALINMA AB Equity;ALINMA BANK;A-;SR;Financials
MIN AU Equity;MINERAL RESOURCES LTD;BB-;AU;Materials
STB VN Equity;SAIGON THUONG TIN COMMERCIAL;BB-;VN;Financials
TNL US Equity;TRAVEL + LEISURE CO;BB-;US;Consumer Discretionary
DMRE GR Equity;DEMIRE DT MTS REAL ESTATE AG;CCC+;GE;Real Estate
GEB CB Equity;GRUPO ENERGIA BOGOTA SA ESP;BBB-;CO;Utilities
BBAJIOO MM Equity;BANCO DEL BAJIO SA;BB+;MX;Financials
601618 CH Equity;METALLURGICAL CORP OF CHIN-A;BBB+;CH;Industrials
082640 KS Equity;TONGYANG LIFE INSURANCE;BBB+;SK;Financials
ETI NL Equity;ECOBANK TRANSNATIONAL INC;B-;TG;Financials
OC US Equity;OWENS CORNING;BBB+;US;Industrials
MONT BB Equity;MONTEA NV;BBB+;BE;Real Estate
TAEE11 BZ Equity;TRANSMISSORA ALIANCA DE-UNIT;BB+;BZ;Utilities
AER US Equity;AERCAP HOLDINGS NV;BBB+;IR;Industrials
KGX GR Equity;KION GROUP AG;BBB;GE;Industrials
BBDC US Equity;BARINGS BDC INC;BBB-;US;Financials
LMP LN Equity;LONDONMETRIC PROPERTY PLC;BBB+;GB;Real Estate
1818 HK Equity;ZHAOJIN MINING INDUSTRY CO-H;BB+;CH;Materials
AC CN Equity;AIR CANADA;BB;CA;Industrials
ALBRK TI Equity;ALBARAKA TURK KATILIM BANKAS;B+;TU;Financials
SBU UG Equity;STANBIC BANK UGANDA LTD;B+;UG;Financials
BKSB OM Equity;SOHAR INTERNATIONAL BANK;BB+;OM;Financials
ACB VN Equity;ASIA COMMERCIAL BANK;BB-;VN;Financials
QUB AU Equity;QUBE HOLDINGS LTD;BBB;AU;Industrials
AKRBP NO Equity;AKER BP ASA;BBB;NO;Energy
SCR FP Equity;SCOR SE;A;FR;Financials
CQP US Equity;CHENIERE ENERGY PARTNERS LP;BBB;US;Energy
SNB AB Equity;THE SAUDI NATIONAL BANK;A;SR;Financials
ECOPETL CB Equity;ECOPETROL SA;BB;CO;Energy
HROW US Equity;HARROW INC;B-;US;Health Care
CNK US Equity;CINEMARK HOLDINGS INC;BB-;US;Communication Services
EUBG BU Equity;EUROHOLD BULGARIA AD;B;BP;Financials
OINL IN Equity;OIL INDIA LTD;BBB-;IN;Energy
ADSEZ IN Equity;ADANI PORTS AND SPECIAL ECON;BBB-;IN;Industrials
BR US Equity;BROADRIDGE FINANCIAL SOLUTIO;BBB+;US;Industrials
CIA AU Equity;CHAMPION IRON LTD;BB-;AU;Materials
SRE LN Equity;SIRIUS REAL ESTATE LTD;BBB;GE;Real Estate
IRB IN Equity;IRB INFRASTRUCTURE DEVELOPER;BB+;IN;Industrials
MBRF3 BZ Equity;MBRF GLOBAL FOODS COMPANY SA;BB+;BZ;Consumer Staples
DAL US Equity;DELTA AIR LINES INC;BBB-;US;Industrials
1658 HK Equity;POSTAL SAVINGS BANK OF CHI-H;A;CH;Financials
CONK RO Equity;CONCAS SA BUZAU;BBB-;RO;
SARO US Equity;STANDARDAERO INC;BB;US;Industrials
MELI US Equity;MERCADOLIBRE INC;BBB-;UR;Consumer Discretionary
FXPO LN Equity;FERREXPO PLC;CCC-;SZ;Materials
960 HK Equity;LONGFOR GROUP HOLDINGS LTD;BB-;CH;Real Estate
BEEF3 BZ Equity;MINERVA SA;BB;BZ;Consumer Staples
CVI US Equity;CVR ENERGY INC;B+;US;Energy
IPF LN Equity;INTERNATIONAL PERSONAL FINAN;BB;GB;Financials
CLINT SP Equity;CAPITALAND INDIA TRUST;BBB-;SI;Real Estate
GSHP3 BZ Equity;GENERAL SHOPPING E OUTLETS D;CC;BZ;Real Estate
FIB BU Equity;CB FIRST INVESTMENT BANK AD;B;BP;Financials
AMG NA Equity;AMG CRITICAL MATERIALS N.V.;BB-;NE;Materials
BRIS IJ Equity;BANK SYARIAH INDONESIA TBK P;BBB-;ID;Financials
BRSR6 BZ Equity;BANCO ESTADO RIO GRAN-PREF B;BB-;BZ;Financials
ABCB4 BZ Equity;BANCO ABC BRASIL SA;BB+;BZ;Financials
817 HK Equity;CHINA JINMAO HOLDINGS GROUP;BBB-;HK;Real Estate
MSCI US Equity;MSCI INC;BBB-;US;Financials
TPE PW Equity;TAURON POLSKA ENERGIA SA;BBB-;PD;Utilities
ENG PW Equity;ENERGA SA;BBB+;PD;Utilities
AROC US Equity;ARCHROCK INC;BB;US;Energy
DXCO3 BZ Equity;DEXCO SA;BB;BZ;Materials
GPRK US Equity;GEOPARK LTD;B+;CO;Energy
EFX CN Equity;ENERFLEX LTD;BB;CA;Energy
PM US Equity;PHILIP MORRIS INTERNATIONAL;A;US;Consumer Staples
CABK SM Equity;CAIXABANK SA;A-;SP;Financials
CPS PW Equity;CYFROWY POLSAT SA;BB;PD;Communication Services
CTEC LN Equity;CONVATEC GROUP PLC;BBB;GB;Health Care
EMIRATES UH Equity;EMIRATES NBD PJSC;A+;UA;Financials
OCSL US Equity;OAKTREE SPECIALTY LENDING CO;BBB-;US;Financials
KER PW Equity;KERNEL HOLDING SA;CCC-;UK;Consumer Staples
390 HK Equity;CHINA RAILWAY GROUP LTD-H;BBB+;CH;Industrials
TREE US Equity;LENDINGTREE INC;B+;US;Financials
VGP BB Equity;VGP;BBB-;BE;Real Estate
DAN US Equity;DANA INC;BB+;US;Consumer Discretionary
BIP US Equity;BROOKFIELD INFRASTRUCTURE PA;BBB+;BD;Utilities
FAF US Equity;FIRST AMERICAN FINANCIAL;BBB+;US;Financials
SLRC US Equity;SLR INVESTMENT CORP;BBB-;US;Financials
AJMANBAN UH Equity;AJMAN BANK PJSC;BBB+;UA;Financials
IRDM US Equity;IRIDIUM COMMUNICATIONS INC;BB;US;Communication Services
TMLZ KZ Equity;FORTELEASING JSC;BB;KZ;
IMH KN Equity;I&M GROUP PLC;B-;KN;Financials
TEXN AZ Equity;TECHNIKABANK OJSC;B-;AZ;
ADPORTS UH Equity;ABU DHABI PORTS CO PJSC;AA-;UA;Industrials
UZNG ZU Equity;UZBEKNEFTEGAZ JSC;BB;UZ;
INDY IJ Equity;INDIKA ENERGY TBK PT;B+;ID;Energy
MHPC LI Equity;MHP SE;CCC;UK;Consumer Staples
CVE CN Equity;CENOVUS ENERGY INC;BBB;CA;Energy
B3SA3 BZ Equity;B3 SA-BRASIL BOLSA BALCAO;BB+;BZ;Financials
BOLSAA MM Equity;BOLSA MEXICANA DE VALORES SA;BBB;MX;Financials
GEB GG Equity;BANK OF GEORGIA JSC;BB;GG;
601766 CH Equity;CRRC CORP LTD-A;A;CH;Industrials
MTDR US Equity;MATADOR RESOURCES CO;BB;US;Energy
BANCOSAL EL Equity;BANCO DAVIVIENDA SALVADORENO;B+;EL;
ABVES EL Equity;BOLSA DE VALORES DE EL SALV;BBB-;EL;
601668 CH Equity;CHINA STATE CONSTRUCTION -A;A-;CH;Industrials
SDG MK Equity;SD GUTHRIE BHD;BBB;MA;Consumer Staples
CTG VN Equity;VIETNAM JS COMMERCIAL BANK F;BB+;VN;Financials
ENA PW Equity;ENEA SA;BBB;PD;Utilities
089860 KS Equity;LOTTE RENTAL CO LTD;BBB-;SK;Industrials
CON PN Equity;BANCO CONTINENTA SAECA;BB+;PG;
HEZB AY Equity;ARMENIAN ECONOMY DEVELOPMENT;B+;AE;
CHTR US Equity;CHARTER COMMUNICATIONS INC-A;BB+;US;Communication Services
SHB VN Equity;SAIGON - HANOI COMMERICIAL;BB-;VN;Financials
KZIK KZ Equity;KAZAKHSTAN MORTGAGE CO JSC;BBB;KZ;Financials
CPX CN Equity;CAPITAL POWER CORP;BBB-;CA;Utilities
STWD US Equity;STARWOOD PROPERTY TRUST INC;BB+;US;Financials
ENJOY CI Equity;ENJOY SA;D;CL;Consumer Discretionary
GM US Equity;GENERAL MOTORS CO;BBB;US;Consumer Discretionary
EFC US Equity;ELLINGTON FINANCIAL INC;BB-;US;Financials
MYS AU Equity;MYSTATE LTD;BBB+;AU;Financials
BANK GG Equity;LIBERTY BANK JSC;B+;GG;
MBB VN Equity;MILITARY COMMERCIAL JOINT;BB;VN;Financials
MSP SJ Equity;MAS P.L.C.;BB-;MB;Real Estate
ALR PW Equity;ALIOR BANK SA;BB+;PD;Financials
IBAZ AZ Equity;INTERNATIONAL BANK OF AZERBA;BB;AZ;
601162 CH Equity;TIANFENG SECURITIES CO LTD-A;BBB-;CH;Financials
1128 HK Equity;WYNN MACAU LTD;BB-;U2;Consumer Discretionary
ALUP11 BZ Equity;ALUPAR INVESTIMENTO SA-UNIT;BB+;BZ;Utilities
BKU US Equity;BANKUNITED INC;BBB;US;Financials
1928 HK Equity;SANDS CHINA LTD;BBB;U2;Consumer Discretionary
LEA US Equity;LEAR CORP;BBB;US;Consumer Discretionary
TRNO US Equity;TERRENO REALTY CORP;BBB+;US;Real Estate
BGUC IQ Equity;GULF COMMERCIAL BANK;CCC;IQ;
AR US Equity;ANTERO RESOURCES CORP;BBB-;US;Energy
002352 CH Equity;S F HOLDING CO LTD-A;A-;CH;Industrials
GBDC US Equity;GOLUB CAPITAL BDC INC;BBB;US;Financials
CARM FP Equity;CARMILA;BBB;FR;Real Estate
1972 HK Equity;SWIRE PROPERTIES LTD;A;HK;Real Estate
PCZ GR Equity;PROCREDIT HOLDING AG;BBB;GE;Financials
300058 CH Equity;BLUEFOCUS INTELLIGENT COMM-A;B;CH;Communication Services
RYZ US Equity;RYERSON HOLDING CORP;BB;US;Materials
PDM US Equity;PIEDMONT REALTY TRUST INC;BBB-;US;Real Estate
SES CN Equity;SECURE WASTE INFRASTRUCTURE;BB-;CA;Energy
HPP US Equity;HUDSON PACIFIC PROPERTIES IN;B+;US;Real Estate
VEON US Equity;VEON LTD;BB-;UA;Communication Services
1299 HK Equity;AIA GROUP LTD;AA-;HK;Financials
1288 HK Equity;AGRICULTURAL BANK OF CHINA-H;A;CH;Financials
300498 CH Equity;WENS FOODSTUFF GROUP CO L-A;BB;CH;Consumer Staples
601118 CH Equity;CHINA HAINAN RUBBER INDUST-A;BBB;CH;Materials
NXPI US Equity;NXP SEMICONDUCTORS NV;BBB+;NE;Information Technology
ATKR US Equity;ATKORE INC;BBB-;US;Industrials
LYB US Equity;LYONDELLBASELL INDU-CL A;BBB;US;Materials
AL US Equity;AIR LEASE CORP;BBB;US;Industrials
EKGYO TI Equity;EMLAK KONUT GAYRIMENKUL YATI;BB-;TU;Real Estate
ALFA UZ Equity;SENSE BANK JSC;CCC;UK;
TPB US Equity;TURNING POINT BRANDS INC;B+;US;Consumer Staples
NMFC US Equity;NEW MOUNTAIN FINANCE CORP;BBB-;US;Financials
601818 CH Equity;CHINA EVERBRIGHT BANK CO-A;BBB+;CH;Financials
2233 HK Equity;WEST CHINA CEMENT LTD;B;CH;Materials
STAG US Equity;STAG INDUSTRIAL INC;BBB;US;Real Estate
PRIO3 BZ Equity;PRIO SA;BB+;BZ;Energy
MUTH IN Equity;MUTHOOT FINANCE LTD;BB+;IN;Financials
THG LN Equity;THG PLC;B+;GB;Consumer Discretionary
DUBK QD Equity;DUKHAN BANK;A;QA;Financials
975 HK Equity;MONGOLIAN MINING CORP;B+;MJ;Materials
ICBP IJ Equity;INDOFOOD CBP SUKSES MAKMUR T;BBB;ID;Consumer Staples
TRGP US Equity;TARGA RESOURCES CORP;BBB;US;Energy
AAT US Equity;AMERICAN ASSETS TRUST INC;BBB;US;Real Estate
TBIG IJ Equity;TOWER BERSAMA INFRASTRUCTURE;BBB-;ID;Communication Services
LTF IN Equity;L&T FINANCE LTD;BBB-;IN;Financials
MINT SP Equity;MAPLETREE INDUSTRIAL TRUST;BBB+;SI;Real Estate
AVAP LN Equity;AVATION PLC;B;SI;Industrials
PEAN SW Equity;PEACH PROPERTY GROUP AG;B;SZ;Real Estate
MLG PW Equity;MLP GROUP SA;BB+;PD;Real Estate
XYZ US Equity;BLOCK INC;BBB-;US;Financials
KMI US Equity;KINDER MORGAN INC;BBB+;US;Energy
W US Equity;WAYFAIR INC- CLASS A;B;US;Consumer Discretionary
FBIN US Equity;FORTUNE BRANDS INNOVATIONS I;BBB;US;Industrials
JSWINFRA IN Equity;JSW INFRASTRUCTURE LTD;BBB-;IN;Industrials
EL RO Equity;SOCIETATEA ENERGETICA ELECTR;BBB-;RO;Utilities
KEGC KZ Equity;KAZAKHSTAN ELECTRICITY GRID;BBB;KZ;Utilities
6834377Z AX Equity;BANCO ANGOLANO DE INVESTIMEN;B-;AO;
TPG AU Equity;TPG TELECOM LTD;BBB;AU;Communication Services
TATACAP IN Equity;TATA CAPITAL LTD;BBB-;IN;Financials
RDOR3 BZ Equity;REDE D'OR SAO LUIZ SA;BB+;BZ;Health Care
UAN US Equity;CVR PARTNERS LP;B+;US;Materials
MPC US Equity;MARATHON PETROLEUM CORP;BBB;US;Energy
TSLX US Equity;SIXTH STREET SPECIALTY LENDI;BBB;US;Financials
1378 HK Equity;CHINA HONGQIAO GROUP LTD;BB+;CH;Materials
TEAD US Equity;TEADS HOLDING CO;CCC+;US;Communication Services
2282 HK Equity;MGM CHINA HOLDINGS LTD;BB-;U2;Consumer Discretionary
NGL US Equity;NGL ENERGY PARTNERS LP;B;US;Energy
EFN CN Equity;ELEMENT FLEET MANAGEMENT COR;BBB+;CA;Industrials
PGSUS TI Equity;PEGASUS HAVA TASIMACILIGI AS;BB-;TU;Industrials
RGYAS TI Equity;RONESANS GAYRIMENKUL YATIRIM;BB-;TU;Real Estate
FDUS US Equity;FIDUS INVESTMENT CORP;BBB-;US;Financials
HII US Equity;HUNTINGTON INGALLS INDUSTRIE;BBB;US;Industrials
MALLPLAZ CI Equity;PLAZA SA Y FILIALES;BBB;CL;Real Estate
ALSN US Equity;ALLISON TRANSMISSION HOLDING;BB+;US;Industrials
BRX US Equity;BRIXMOR PROPERTY GROUP INC;BBB;US;Real Estate
ARCO US Equity;ARCOS DORADOS HOLDINGS INC-A;BBB-;UR;Consumer Discretionary
BBLV ED Equity;BANCO BOLIVARIANO CA;CCC+;ED;
COFIDCC1 PE Equity;CORP FINANCIERA DE DESARROLL;BBB;PE;
TCPC US Equity;BLACKROCK TCP CAPITAL CORP;BB;US;Financials
CDW US Equity;CDW CORP/DE;BBB-;US;Information Technology
1910 HK Equity;SAMSONITE GROUP SA;BB+;US;Consumer Discretionary
USAC US Equity;USA COMPRESSION PARTNERS LP;BB;US;Energy
002911 CH Equity;FORAN ENERGY GROUP CO LTD-A;BBB+;CH;Utilities
5871 TT Equity;CHAILEASE HOLDING CO LTD;BBB-;TA;Financials
MRX US Equity;MAREX GROUP PLC;BBB-;GB;Financials
601669 CH Equity;POWER CONSTRUCTION CORP OF-A;A-;CH;Industrials
FSK US Equity;FS KKR CAPITAL CORP;BBB-;US;Financials
VTOL US Equity;BRISTOW GROUP INC;BB-;US;Energy
GEMS IJ Equity;GOLDEN ENERGY MINES TBK PT;BB-;ID;Energy
RAIZ4 BZ Equity;RAIZEN SA - PREFERENCE;CCC;BZ;Consumer Discretionary
EXIM UZ Equity;UKRAINIAN EXPORT-IMPORT BANK;CCC;UK;
PTTGC TB Equity;PTT GLOBAL CHEMICAL PCL;BBB-;TH;Materials
BANK UZ Equity;OSCHADBANK;CCC;UK;
CPRI US Equity;CAPRI HOLDINGS LTD;BB;GB;Consumer Discretionary
UBER US Equity;UBER TECHNOLOGIES INC;BBB+;US;Industrials
UNIT US Equity;UNITI GROUP INC;B-;US;Communication Services
GLMT MO Equity;GOLOMT BANK;B+;MJ;
HBSA3 BZ Equity;HIDROVIAS DO BRASIL SA;BB+;BZ;Industrials
PGEO IJ Equity;PERTAMINA GEOTHERMAL ENERGY;BBB-;ID;Utilities
POW VN Equity;PETROVIETNAM POWER CORP;BB+;VN;Utilities
VIPS US Equity;VIPSHOP HOLDINGS LTD - ADR;BBB;CH;Consumer Discretionary
FANG US Equity;DIAMONDBACK ENERGY INC;BBB+;US;Energy
IR US Equity;INGERSOLL-RAND INC;BBB+;US;Industrials
3329 HK Equity;BOCOM INTERNATIONAL HOLDINGS;A;HK;Financials
XAC MO Equity;XAC BANK LLC;B+;MJ;
GAS VN Equity;PETROVIETNAM GAS JSC;BB+;VN;Utilities
WARBABAN KK Equity;WARBA BANK KSCP;A;KU;Financials
UNI SM Equity;UNICAJA BANCO SA;BBB+;SP;Financials
AMUN FP Equity;AMUNDI SA;A+;FR;Financials
BINT CI Equity;BANCO INTERNACIONAL;BBB+;CL;Financials
SUN US Equity;SUNOCO LP;BB+;US;Energy
NWSA US Equity;NEWS CORP - CLASS A;BBB;US;Communication Services
MPLX US Equity;MPLX LP;BBB;US;Energy
ILC CI Equity;INVERSIONES LA CONSTRUCCION;BBB+;CL;Financials
DKL US Equity;DELEK LOGISTICS PARTNERS LP;B+;US;Energy
KHAN MO Equity;KHAN BANK JSC;B+;MJ;
PARR US Equity;PAR PACIFIC HOLDINGS INC;B+;US;Energy
IVN CN Equity;IVANHOE MINES LTD-CL A;B;CA;Materials
LEON SW Equity;LEONTEQ AG;BBB-;SZ;Financials
O2D GR Equity;TELEFONICA DEUTSCHLAND HOLDI;BBB;GE;Communication Services
GLPI US Equity;GAMING AND LEISURE PROPERTIE;BBB-;US;Real Estate
FSF NZ Equity;FONTERRA SHAREHOLDERS FUND;A;NZ;Consumer Staples
KPBA ZU Equity;KAPITALBANK ATB;B;UZ;
2799 HK Equity;CHINA CITIC FINANCIAL ASSE-H;BBB;CH;Financials
ALLE US Equity;ALLEGION PLC;BBB;IR;Industrials
ANE SM Equity;CORP ACCIONA ENERGIAS RENOVA;BBB-;SP;Utilities
ACBA AY Equity;ACBA BANK OJSC;BB-;AE;
RITM US Equity;RITHM CAPITAL CORP;BB-;US;Financials
AENA SM Equity;AENA SME SA;A;SP;Industrials
SNAP US Equity;SNAP INC - A;BB;US;Communication Services
HASI US Equity;HA SUSTAINABLE INFRASTRUCTUR;BBB-;US;Financials
COFA FP Equity;COFACE SA;A+;FR;Financials
GSBD US Equity;GOLDMAN SACHS BDC INC;BBB-;US;Financials
GNL US Equity;GLOBAL NET LEASE INC;BBB-;US;Real Estate
BSR VN Equity;BINH SON REFINING AND PETROC;BB+;VN;Energy
IPKY ZU Equity;IPAK YULI AITB;B;UZ;
ALKB ZU Equity;ALOQABANK AT;BB;UZ;
VBB VN Equity;VIETNAM THUONG TIN CJSB;B+;VN;
6066 HK Equity;CSC FINANCIAL CO LTD-H;BBB+;CH;Financials
EDR SM Equity;EDREAMS ODIGEO SL;B+;SP;Consumer Discretionary
REXR US Equity;REXFORD INDUSTRIAL REALTY IN;BBB+;US;Real Estate
288 HK Equity;WH GROUP LTD;BBB+;HK;Consumer Staples
NAVI US Equity;NAVIENT CORP;BB-;US;Financials
FNAC FP Equity;FNAC DARTY SA;BB+;FR;Consumer Discretionary
IRT US Equity;INDEPENDENCE REALTY TRUST IN;BBB;US;Real Estate
GWI LN Equity;GLOBALWORTH REAL ESTATE INVE;BBB-;RO;Real Estate
SPNT US Equity;SIRIUSPOINT LTD;BBB+;BD;Financials
CENOMICE AB Equity;ARABIAN CENTRES CO LTD;BB;SR;Real Estate
SNN RO Equity;SOCIETATEA NATIONALA NUCLEAR;BBB-;RO;Utilities
601198 CH Equity;DONGXING SECURITIES CO LT-A;BBB-;CH;Financials
KEYS US Equity;KEYSIGHT TECHNOLOGIES IN;BBB+;US;Information Technology
CNH US Equity;CNH INDUSTRIAL NV;BBB;GB;Industrials
TDAY US Equity;USA TODAY CO INC;B-;US;Communication Services
KHC US Equity;KRAFT HEINZ CO/THE;BBB;US;Consumer Staples
NMIH US Equity;NMI HOLDINGS INC;BBB+;US;Financials
DIGI RO Equity;DIGI COMMUNICATIONS NV;BB;RO;Communication Services
JUST LN Equity;JUST GROUP PLC;A;GB;Financials
CTRE US Equity;CARETRUST REIT INC;BBB-;US;Real Estate
1359 HK Equity;CHINA CINDA ASSET MANAGEME-H;A-;CH;Financials
AAL US Equity;AMERICAN AIRLINES GROUP INC;B+;US;Industrials
IBP US Equity;INSTALLED BUILDING PRODUCTS;BB+;US;Consumer Discretionary
SCG AU Equity;SCENTRE GROUP;A;AU;Real Estate
REIT DU Equity;EMIRATES REIT CEIC PLC;BB-;UA;Real Estate
SYF US Equity;SYNCHRONY FINANCIAL;BBB;US;Financials
ANIM IM Equity;ANIMA HOLDING SPA;BBB;IT;Financials
WB US Equity;WEIBO CORP-SPON ADR;BBB;CH;Communication Services
GPSC TB Equity;GLOBAL POWER SYNERGY PCL;BBB-;TH;Utilities
NN NA Equity;NN GROUP NV;A+;NE;Financials
ARES US Equity;ARES MANAGEMENT CORP - A;A-;US;Financials
SEPLAT NL Equity;SEPLAT ENERGY PLC;B;NG;Energy
BABA US Equity;ALIBABA GROUP HOLDING-SP ADR;A;HK;Consumer Discretionary
APP US Equity;APPLOVIN CORP-CLASS A;BBB;US;Information Technology
XIFR US Equity;XPLR INFRASTRUCTURE LP;BB+;US;Utilities
SQBN ZU Equity;UZBEK INDUSTRIAL AND CONSTRU;BB;UZ;
WIZZ LN Equity;WIZZ AIR HOLDINGS PLC;BB;HU;Industrials
ELIOR FP Equity;ELIOR GROUP;BB-;FR;Consumer Discretionary
2202 HK Equity;CHINA VANKE CO LTD-H;CC;CH;Real Estate
FNF US Equity;FIDELITY NATIONAL FINANCIAL;BBB+;US;Financials
CFG US Equity;CITIZENS FINANCIAL GROUP;BBB+;US;Financials
AGBA ZU Equity;AGROBANK ATB;BB-;UZ;
SPIE FP Equity;SPIE SA;BB+;FR;Industrials
EQT SS Equity;EQT AB;A-;SW;Financials
NOMD US Equity;NOMAD FOODS LTD;BB;GB;Consumer Staples
ADKO AV Equity;ADDIKO BANK AG;BB;AS;Financials
PYPL US Equity;PAYPAL HOLDINGS INC;A-;US;Financials
FMTY14 MM Equity;FIBRA MTY SAPI DE CV;BBB-;MX;Real Estate
HPE US Equity;HEWLETT PACKARD ENTERPRISE;BBB+;US;Information Technology
UBSG SW Equity;UBS GROUP AG-REG;A;SZ;Financials
MTC TB Equity;MUANGTHAI CAPITAL PCL;BB;TH;Financials
SBBB SS Equity;SAMHALLSBYGGNADSBOLAGET I NO;CCC;SW;Real Estate
INSE US Equity;INSPIRED ENTERTAINMENT INC;B-;US;Consumer Discretionary
DOV IM Equity;DOVALUE SPA;BB;IT;Industrials
ULS US Equity;UL SOLUTIONS INC - CLASS A;BBB+;US;Industrials
QLT LN Equity;QUILTER PLC;A-;GB;Financials
QSR CN Equity;RESTAURANT BRANDS INTERN;BB+;US;Consumer Discretionary
1958 HK Equity;BAIC MOTOR CORP LTD-H;BBB+;CH;Consumer Discretionary
QRVO US Equity;QORVO INC;BBB+;US;Information Technology
MULT GR Equity;MULTITUDE AG;B+;SZ;Financials
NXT US Equity;NEXTPOWER INC-CL A;BBB-;US;Industrials
ADANIENS IN Equity;ADANI ENERGY SOLUTIONS LTD;BBB-;IN;Utilities
1 HK Equity;CK HUTCHISON HOLDINGS LTD;A-;HK;Industrials
CUERVO* MM Equity;BECLE SAB DE CV;BBB;MX;Consumer Staples
CLNX SM Equity;CELLNEX TELECOM SA;BBB-;SP;Communication Services
IPTB ZU Equity;IPOTEKA-BANK ATIB;BB;UZ;
INW IM Equity;INFRASTRUTTURE WIRELESS ITAL;BBB-;IT;Communication Services
JXN US Equity;JACKSON FINANCIAL INC-A;BBB+;US;Financials
FCPT US Equity;FOUR CORNERS PROPERTY TRUST;BBB;US;Real Estate
NGVT US Equity;INGEVITY CORP;BB;US;Materials
WSC US Equity;WILLSCOT HOLDINGS CORP;BB;US;Industrials
AA US Equity;ALCOA CORP;BB+;US;Materials
CCEP US Equity;COCA-COLA EUROPACIFIC PARTNE;BBB+;GB;Consumer Staples
SHA0 GR Equity;SCHAEFFLER AG;BB+;GE;Consumer Discretionary
ABN NA Equity;ABN AMRO BANK NV-CVA;A;NE;Financials
FPH US Equity;FIVE POINT HOLDINGS LLC-CL A;B;US;Real Estate
3996 HK Equity;CHINA ENERGY ENGINEERING C-H;BBB+;CH;Industrials
DD US Equity;DUPONT DE NEMOURS INC;BBB+;US;Materials
DOW US Equity;DOW INC;BBB;US;Materials
CTVA US Equity;CORTEVA INC;A;US;Materials
SIMH3 BZ Equity;SIMPAR SA;BB-;BZ;Industrials
ENELCHIL CI Equity;ENEL CHILE SA;BBB+;CL;Utilities
AMBP3 BZ Equity;AMBIPAR PARTICIPACOES E EMPR;D;BZ;Industrials
BEZ LN Equity;BEAZLEY PLC;A;GB;Financials
HGV US Equity;HILTON GRAND VACATIONS INC;BB-;US;Consumer Discretionary
VAB VN Equity;VIETNAM ASIA COMMERCIAL JSB;B+;VN;Financials
MOVI3 BZ Equity;MOVIDA PARTICIPACOES SA;BB-;BZ;Industrials
2588 HK Equity;BOC AVIATION LTD;A-;SI;Industrials
ITT US Equity;ITT INC;BBB+;US;Industrials
FLT SP Equity;FRASERS LOGISTICS & COMMERCI;BBB+;SI;Real Estate
1606 HK Equity;CHINA DEVELOPMENT BANK FIN-H;A;CH;Financials
PR US Equity;PERMIAN RESOURCES CORP-CL A;BBB-;US;Energy
IG IM Equity;ITALGAS SPA;BBB+;IT;Utilities
OBDC US Equity;BLUE OWL CAPITAL CORP;BBB;US;Financials
NRR LN Equity;NEWRIVER REIT PLC;BBB;GB;Real Estate
FTI US Equity;TECHNIPFMC PLC;BBB-;GB;Energy
DELL US Equity;DELL TECHNOLOGIES -C;BBB+;US;Information Technology
VST US Equity;VISTRA CORP;BB+;US;Utilities
6058 HK Equity;CISI FIN;BBB;HK;Financials
ZTO US Equity;ZTO EXPRESS CAYMAN INC-ADR;A-;CH;Industrials
HWM US Equity;HOWMET AEROSPACE INC;A-;US;Industrials
BHF US Equity;BRIGHTHOUSE FINANCIAL INC;BBB;US;Financials
300750 CH Equity;CONTEMPORARY AMPEREX TECHN-A;A-;CH;Industrials
FEC CN Equity;FRONTERA ENERGY CORP;B;CA;Energy
IWG LN Equity;INTERNATIONAL WORKPLACE GROU;BBB;SZ;Real Estate
BAMI IM Equity;BANCO BPM SPA;BBB;IT;Financials
DXC US Equity;DXC TECHNOLOGY CO;BBB-;US;Information Technology
SFOR LN Equity;S4 CAPITAL PLC;B+;GB;Communication Services
HOME SM Equity;NEINOR HOMES SA;B+;SP;Consumer Discretionary
INVH US Equity;INVITATION HOMES INC;BBB+;US;Real Estate
TKO FP Equity;TIKEHAU CAPITAL;BBB-;FR;Financials
SWX US Equity;SOUTHWEST GAS HOLDINGS INC;BBB;US;Utilities
BPAC11 BZ Equity;BANCO BTG PACTUAL SA-UNIT;BB+;BZ;Financials
DK US Equity;DELEK US HOLDINGS INC;B+;US;Energy
AVTR US Equity;AVANTOR INC;BB+;US;Health Care
NCBFG JA Equity;NCB FINANCIAL GROUP LTD;B+;JM;Financials
JAIZBANK NL Equity;JAIZ BANK PLC;B-;NG;Financials
RAIL3 BZ Equity;RUMO SA;BB+;BZ;Industrials
AVAH US Equity;AVEANNA HEALTHCARE HOLDINGS;B-;US;Health Care
AM US Equity;ANTERO MIDSTREAM CORP;BBB-;US;Energy
KREF US Equity;KKR REAL ESTATE FINANCE TRUS;BB-;US;Financials
BIRG ID Equity;BANK OF IRELAND GROUP PLC;A-;IR;Financials
NVT US Equity;NVENT ELECTRIC PLC;BBB;GB;Industrials
AYV FP Equity;AYVENS SA;BBB+;FR;Industrials
CGBD US Equity;CARLYLE SECURED LENDING INC;BBB-;US;Financials
NRP SJ Equity;NEPI ROCKCASTLE N.V.;BBB+;NE;Real Estate
SUPR LN Equity;SUPERMARKET INCOME REIT PLC;BBB+;GB;Real Estate
SFC CN Equity;SAGICOR FINANCIAL CO LTD;BBB;CA;Financials
SOHO LN Equity;SOCIAL HOUSING REIT PLC;A-;GB;Real Estate
TDW US Equity;TIDEWATER INC;B+;US;Energy
WH US Equity;WYNDHAM HOTELS & RESORTS INC;BB+;US;Consumer Discretionary
ERO CN Equity;ERO COPPER CORP;B+;CA;Materials
NEXA US Equity;NEXA RESOURCES SA;BBB-;BZ;Materials
VICI US Equity;VICI PROPERTIES INC;BBB-;US;Real Estate
PIRC IM Equity;PIRELLI & C SPA;BBB;IT;Consumer Discretionary
APG US Equity;API GROUP CORP;BB+;US;Industrials
GTX US Equity;GARRETT MOTION INC;BB;SZ;Consumer Discretionary
NMRK US Equity;NEWMARK GROUP INC-CLASS A;BBB-;US;Real Estate
SUZB3 BZ Equity;SUZANO SA;BBB-;BZ;Materials
BCSF US Equity;BAIN CAPITAL SPECIALTY FINAN;BBB-;US;Financials
BAB VN Equity;BAC A COMMERCIAL JSC;B+;VN;Financials
3711 TT Equity;ASE TECHNOLOGY HOLDING CO LT;BBB;TA;Information Technology
TALO US Equity;TALOS ENERGY INC;B;US;Energy
YCPS SM Equity;CASTELLANA PROPERTIES SOCIMI;BBB;SP;Real Estate
LNWO US Equity;LIGHT & WONDER INC;BB;US;Consumer Discretionary
ENOG LN Equity;ENERGEAN PLC;BB-;GB;Energy
HTWS LN Equity;HELIOS TOWERS PLC;BB-;GB;Communication Services
MNG LN Equity;M&G PLC;A+;GB;Financials
BRTB IQ Equity;REGION TRADE BANK FOR INV;CCC+;IQ;
AVGO US Equity;BROADCOM INC;BBB+;US;Information Technology
ROAD US Equity;CONSTRUCTION PARTNERS INC-A;BB;US;Industrials
SPG GR Equity;SPRINGER NATURE AG & CO KGAA;BBB-;GE;Communication Services
AST ED Equity;BANCO DEL AUSTRO SA;CCC+;ED;
1810 HK Equity;XIAOMI CORP-CLASS B;BBB+;CH;Information Technology
BORR US Equity;BORR DRILLING LTD;B-;BD;Energy
BCIH IQ Equity;CIHAN BANK FOR ISLAMIC;CCC+;IQ;
CI US Equity;THE CIGNA GROUP;BBB+;US;Health Care
PSHD LN Equity;PERSHING SQUARE HOLDINGS LTD;BBB+;GS;
NEXI IM Equity;NEXI SPA;BBB-;IT;Financials
EPRT US Equity;ESSENTIAL PROPERTIES REALTY;BBB;US;Real Estate
KSPI KZ Equity;KASPI/KZ JSC;BBB-;KZ;Financials
VRT US Equity;VERTIV HOLDINGS CO-A;BBB-;US;Industrials
ELEV LR Equity;ELEVING GROUP SA;B;LL;Financials
VAMO3 BZ Equity;VAMOS LOCACAO DE CAMINHOES M;BB-;BZ;Industrials
NIC AU Equity;NICKEL INDUSTRIES LTD;B+;AU;Materials
TME US Equity;TENCENT MUSIC ENTERTAINM-ADR;A-;CH;Communication Services
ELAN US Equity;ELANCO ANIMAL HEALTH INC;BB;US;Health Care
3690 HK Equity;MEITUAN-CLASS B;BBB+;CH;Consumer Discretionary
PFSI US Equity;PENNYMAC FINANCIAL SERVICES;BB;US;Financials
AMCR US Equity;AMCOR PLC;BBB+;SZ;Materials
URTS ZU Equity;OZBEKISTON RESPUBLIKA TOVARX;B;UZ;
HGH NZ Equity;HEARTLAND GROUP HOLDINGS LTD;BBB;NZ;Financials
6862 HK Equity;HAIDILAO INTERNATIONAL HOLDI;BBB;CH;Consumer Discretionary
NDA FH Equity;NORDEA BANK ABP;AA-;FI;Financials
AML LN Equity;ASTON MARTIN LAGONDA GLOBAL;CCC+;GB;Consumer Discretionary
MCBA ZU Equity;MIKROKREDITBANK ATB;BB-;UZ;
UNVB ZU Equity;UNIVERSAL BANK ATB;B-;UZ;
KAP LI Equity;NAC KAZATOMPROM JSC-GDR REGS;BBB;KZ;Energy
SDLF LN Equity;STANDARD LIFE PLC;A+;GB;Financials
NFE US Equity;NEW FORTRESS ENERGY INC;RD;US;Energy
9434 JP Equity;SOFTBANK CORP;BBB+;JN;Communication Services
TITC BB Equity;TITAN SA;BB+;BE;Materials
STE US Equity;STERIS PLC;BBB;US;Health Care
BXSL US Equity;BLACKSTONE SECURED LENDING F;BBB;US;Financials
OTF US Equity;BLUE OWL TECHNOLOGY FINANCE;BBB-;US;Financials
NAB VN Equity;NAM A COMMERCIAL JSB;B+;VN;Financials
KOFUBL MM Equity;COCA-COLA FEMSA SAB DE CV;A;MX;Consumer Staples
EMG LN Equity;MAN GROUP PLC/JERSEY;BBB+;GB;Financials
CLVT US Equity;CLARIVATE PLC;BB-;GB;Industrials
AURE3 BZ Equity;AUREN ENERGIA SA - ON;BB+;BZ;Utilities
3877 HK Equity;CSSC HONG KONG SHIPPING CO L;A-;HK;Financials
IFS US Equity;INTERCORP FINANCIAL SERVICES;BBB;PE;Financials
ARTG CN Equity;ARTEMIS GOLD INC;B+;CA;Materials
285A JP Equity;KIOXIA HOLDINGS CORP;BB+;JN;Information Technology
VEL US Equity;VELOCITY FINANCIAL INC;B;US;Financials
REYN US Equity;REYNOLDS CONSUMER PRODUCTS I;BB+;US;Consumer Staples
XP US Equity;XP INC - CLASS A;BB;BZ;Financials
UWMC US Equity;UWM HOLDINGS CORP;BB-;US;Financials
OVV US Equity;OVINTIV INC;BBB-;US;Energy
SSW SJ Equity;SIBANYE STILLWATER LTD;BB;SA;Materials
MSDL US Equity;MORGAN STANLEY DIRECT LENDIN;BBB-;US;Financials
WFRD US Equity;WEATHERFORD INTERNATIONAL PL;BB;US;Energy
CNXC US Equity;CONCENTRIX CORP;BBB;US;Industrials
HPK US Equity;HIGHPEAK ENERGY INC;B;US;Energy
BAME IQ Equity;AMEEN AL-IRAQ BANK FOR ISLAM;CCC;IQ;
WMG US Equity;WARNER MUSIC GROUP CORP-CL A;BBB-;US;Communication Services
VNT US Equity;VONTIER CORP;BBB-;US;Information Technology
NCDL US Equity;NUVEEN CHURCHILL DIRECT LEND;BBB-;US;Financials
EUROB GA Equity;EUROBANK SA;BBB-;GR;Financials
AON US Equity;AON PLC-CLASS A;BBB+;GB;Financials
FOUR US Equity;SHIFT4 PAYMENTS INC-CLASS A;BB;US;Financials
JDEP NA Equity;JDE PEET'S NV;BBB;NE;Consumer Staples
RPRX US Equity;ROYALTY PHARMA PLC- CL A;BBB-;US;Health Care
PGY US Equity;PAGAYA TECHNOLOGIES LTD -A;B;US;Information Technology
RKT US Equity;ROCKET COS INC-CLASS A;BBB-;US;Financials
NTST US Equity;NETSTREIT CORP;BBB-;US;Real Estate
ACT US Equity;ENACT HOLDINGS INC;BBB+;US;Financials
JSLG3 BZ Equity;JSL SA;BB-;BZ;Industrials
GPGI US Equity;GPGI INC;BB-;US;Information Technology
OWL US Equity;BLUE OWL CAPITAL INC;BBB+;US;Financials
HLMN US Equity;HILLMAN SOLUTIONS CORP;BB;US;Industrials
CRC US Equity;CALIFORNIA RESOURCES CORP;B+;US;Energy
BRAV3 BZ Equity;BRAVA ENERGIA;BB-;BZ;Energy
VTRS US Equity;VIATRIS INC;BBB;US;Health Care
GBTG US Equity;GLOBAL BUSINESS TRAVEL GROUP;BB;US;Consumer Discretionary
OSB LN Equity;OSB GROUP PLC;BBB;GB;Financials
FRBP US Equity;FRANKLIN BSP CAPITAL CORP;BBB-;US;
GXO US Equity;GXO LOGISTICS INC;BBB-;US;Industrials
DFH US Equity;DREAM FINDERS HOMES INC - A;BB-;US;Consumer Discretionary
BKV US Equity;BKV CORPORATION;B;US;Energy
APA US Equity;APA CORP;BBB-;US;Energy
TCAP LN Equity;TP ICAP GROUP PLC;BBB-;GB;Financials
1024 HK Equity;KUAISHOU TECHNOLOGY;A-;CH;Communication Services
INPST NA Equity;INPOST SA;BB+;PD;Industrials
TPEIR GA Equity;PIRAEUS BANK SA;BBB-;GR;Financials
EXE US Equity;EXPAND ENERGY CORP;BBB-;US;Energy
BMBL US Equity;BUMBLE INC-A;BB-;US;Communication Services
AMBP US Equity;ARDAGH METAL PACKAGING SA;B;LX;Materials
APO US Equity;APOLLO GLOBAL MANAGEMENT INC;A;US;Financials
FOA US Equity;FINANCE OF AMERICA COS INC-A;CCC;US;Financials
MRVL US Equity;MARVELL TECHNOLOGY INC;BBB;US;Information Technology
ALPHA GA Equity;ALPHA BANK SA;BBB-;GR;Financials
PCO PW Equity;PEPCO GROUP NV;BB;GB;Consumer Discretionary
AYDEM TI Equity;AYDEM YENILENEBILIR ENERJI A;B;TU;Utilities
UZMT ZU Equity;UZAUTO MOTORS AJ;BB-;UZ;
ZIP US Equity;ZIPRECRUITER INC-A;B;US;Communication Services
VAL US Equity;VALARIS LTD;B+;US;Energy
DTM US Equity;DT MIDSTREAM INC;BBB-;US;Energy
GPOR US Equity;GULFPORT ENERGY CORP;B+;US;Energy
WBD US Equity;WARNER BROS DISCOVERY INC;BB+;US;Communication Services
STX US Equity;SEAGATE TECHNOLOGY HOLDINGS;BB+;US;Information Technology
EDV CN Equity;ENDEAVOUR MINING PLC;BB;GB;Materials
RYAN US Equity;RYAN SPECIALTY HOLDINGS INC;BB+;US;Financials
GTCO NL Equity;GUARANTY TRUST HOLDING CO PL;B;NG;Financials
WISE LN Equity;WISE PLC - A;BBB;GB;Financials
CRWV US Equity;COREWEAVE INC-CL A;BB-;US;Information Technology
RNW US Equity;RENEW ENERGY GLOBAL PLC-A;BB-;IN;Utilities
SLVM US Equity;SYLVAMO CORP;BB+;US;Materials
LTH US Equity;LIFE TIME GROUP HOLDINGS INC;BB-;US;Consumer Discretionary
AZE BB Equity;AZELIS GROUP NV;BB+;BE;Industrials
IHS US Equity;IHS HOLDING LTD;B+;GB;Communication Services
ASTL CN Equity;ALGOMA STEEL GROUP INC;B;CA;Materials
FERTIGLB UH Equity;FERTIGLOBE PLC;BBB;UA;Materials
KD US Equity;KYNDRYL HOLDINGS INC;BBB;US;Information Technology
KLC US Equity;KINDERCARE LEARNING COS INC;B+;US;Consumer Discretionary
DKNG US Equity;DRAFTKINGS INC-CL A;BB+;US;Consumer Discretionary
DINO US Equity;HF SINCLAIR CORP;BBB-;US;Energy
GEV US Equity;GE VERNOVA INC;BBB+;US;Industrials
CRGY US Equity;CRESCENT ENERGY INC-A;BB-;US;Energy
IVG IM Equity;IVECO GROUP NV;BBB-;IT;Industrials
TPG US Equity;TPG INC;A-;US;Financials
SHEL LN Equity;SHELL PLC;AA-;GB;Energy
BLCO CN Equity;BAUSCH + LOMB CORP;B;CA;Health Care
RXO US Equity;RXO INC;BB;US;Industrials
SITES1 MM Equity;OPERADORA DE SITES MEX- A-1;BBB+;MX;Communication Services
SCB TB Equity;SCB X PCL;BBB;TH;Financials
LASITE* MM Equity;SITIOS LATINOAMERICA SAB DE;BBB-;MX;Communication Services
CRBG US Equity;COREBRIDGE FINANCIAL INC;A-;US;Financials
SDRL US Equity;SEADRILL LIMITED;B+;BD;Energy
CS CN Equity;CAPSTONE COPPER CORP;BB-;CA;Materials
NE US Equity;NOBLE CORP PLC;BB-;US;Energy
SOLV US Equity;SOLVENTUM CORP;BBB;US;Health Care
SALIK UH Equity;SALIK CO PJSC;A;UA;Industrials
FTAI US Equity;FTAI AVIATION LTD;BB+;US;Industrials
NATL US Equity;NCR ATLEOS CORP;BB-;US;Financials
BAM CN Equity;BROOKFIELD ASSET MGMT-A;A;US;Financials
MBC US Equity;MASTERBRAND INC;BB+;US;Industrials
ITH LN Equity;ITHACA ENERGY PLC;BB-;GB;Energy
GEHC US Equity;GE HEALTHCARE TECHNOLOGY;BBB;US;Health Care
FG US Equity;F&G ANNUITIES & LIFE INC;BBB;US;Financials
MTRO LN Equity;METRO BANK HOLDINGS PLC;BB-;GB;Financials
FTRE US Equity;FORTREA HOLDINGS INC;B;US;Health Care
FER SM Equity;FERROVIAL SE;BBB;NE;Industrials
PUBLI NO Equity;PUBLIC PROPERTY INVEST AS;BBB+;NO;Real Estate
BGC US Equity;BGC GROUP INC-A;BBB-;US;Financials
AU US Equity;ANGLOGOLD ASHANTI PLC;BBB-;GB;Materials
HHH US Equity;HOWARD HUGHES HOLDINGS INC;BB;US;Real Estate
BIRK US Equity;BIRKENSTOCK HOLDING PLC;BB+;GB;Consumer Discretionary
ETS AV Equity;EUROTELESITES AG;BBB-;AS;Communication Services
HG US Equity;HAMILTON INSURANCE GROU-CL B;BBB+;BD;Financials
WAY US Equity;WAYSTAR HOLDING CORP;BB;US;Health Care
BG US Equity;BUNGE GLOBAL SA;BBB+;US;Consumer Staples
CURB US Equity;CURBLINE PROPERTIES CORP;BBB;US;Real Estate
AUNA US Equity;AUNA SA-CLASS A;B+;LX;Health Care
GALD SW Equity;GALDERMA GROUP AG;BBB;SZ;Health Care
ASMDEE SS Equity;ASMODEE GROUP AB-B;BB-;SW;Consumer Discretionary
LB US Equity;LANDBRIDGE CO LLC-A;BB;US;Real Estate
SOBO CN Equity;SOUTH BOW CORP;BBB-;CA;Energy
LINE US Equity;LINEAGE INC;BBB+;US;Real Estate
SW US Equity;SMURFIT WESTROCK PLC;BBB+;IR;Materials
SMC US Equity;SUMMIT MIDSTREAM CORP;B-;US;Energy
AMTM US Equity;AMENTUM HOLDINGS INC;BB+;US;Industrials
TEL US Equity;TE CONNECTIVITY PLC;A-;IR;Information Technology
INGM US Equity;INGRAM MICRO HOLDING CORP;BB;US;Information Technology
BALY US Equity;BALLY'S CORP;B-;US;Consumer Discretionary
SNDK US Equity;SANDISK CORP;BB;US;Information Technology
APTV US Equity;APTIV PLC;BBB;IR;Consumer Discretionary
SFD US Equity;SMITHFIELD FOODS INC;BBB;US;Consumer Staples
MRP US Equity;MILLROSE PROPERTIES;BBB-;US;Real Estate
CIBEST CB Equity;GRUPO CIBEST SA;BB+;CO;Financials
Q US Equity;QNITY ELECTRONICS INC;BB+;US;Information Technology
JBS US Equity;JBS NV-A;BBB-;NE;Consumer Staples
VGN AU Equity;VIRGIN AUSTRALIA HOLDINGS LT;D;AU;Industrials
PSKY US Equity;PARAMOUNT SKYDANCE CL B;BBB-;US;Communication Services
1828 HK Equity;FWD GROUP HOLDINGS LTD;BBB+;HK;Financials
NIQ US Equity;NIQ GLOBAL INTELLIGENCE PLC;BB-;US;Communication Services
VNOM US Equity;VIPER ENERGY INC-CL A;BBB-;US;Energy
SOLS US Equity;SOLSTICE ADV MATERIALS INC;BB+;US;Materials
VSNT US Equity;VERSANT MEDIA GROUP INC;BB;US;Communication Services
MDLN US Equity;MEDLINE INC-CL A;BBB-;US;Health Care
ALK US Equity;ALASKA AIR GROUP INC;BB+;US;Industrials
HON US Equity;HONEYWELL INTERNATIONAL INC;A;US;Industrials
AEP US Equity;AMERICAN ELECTRIC POWER;BBB;US;Utilities
AXP US Equity;AMERICAN EXPRESS CO;A;US;Financials
AIG US Equity;AMERICAN INTERNATIONAL GROUP;A;US;Financials
ADI US Equity;ANALOG DEVICES INC;A;US;Information Technology
ADM US Equity;ARCHER-DANIELS-MIDLAND CO;A;US;Consumer Staples
ARW US Equity;ARROW ELECTRONICS INC;BBB-;US;Information Technology
ADP US Equity;AUTOMATIC DATA PROCESSING;AA-;US;Industrials
AZO US Equity;AUTOZONE INC;BBB;US;Consumer Discretionary
AVT US Equity;AVNET INC;BBB-;US;Information Technology
BBVA SM Equity;BANCO BILBAO VIZCAYA ARGENTA;A-;SP;Financials
BCP PL Equity;BANCO COMERCIAL PORTUGUES-R;BBB+;PO;Financials
SAN SM Equity;BANCO SANTANDER SA;A;SP;Financials
BOH US Equity;BANK OF HAWAII CORP;BBB+;US;Financials
BK US Equity;BANK OF NEW YORK MELLON CORP;AA-;US;Financials
BARC LN Equity;BARCLAYS PLC;A;GB;Financials
BDX US Equity;BECTON DICKINSON AND CO;BBB;US;Health Care
VZ US Equity;VERIZON COMMUNICATIONS INC;A-;US;Communication Services
BA US Equity;BOEING CO/THE;BBB-;US;Industrials
BSX US Equity;BOSTON SCIENTIFIC CORP;A-;US;Health Care
BP/ LN Equity;BP PLC;A+;GB;Energy
BT/A LN Equity;BT GROUP PLC;BBB;GB;Communication Services
BHP AU Equity;BHP GROUP LTD;A;AU;Materials
BC US Equity;BRUNSWICK CORP;BBB;US;Consumer Discretionary
CTRA US Equity;COTERRA ENERGY INC;BBB;US;Energy
CDNS US Equity;CADENCE DESIGN SYS INC;A-;US;Information Technology
BXMT US Equity;BLACKSTONE MORTGAGE TRU-CL A;BB-;US;Financials
CPB US Equity;THE CAMPBELL'S COMPANY;BBB-;US;Consumer Staples
CCL US Equity;CARNIVAL CORP;BBB-;US;Consumer Discretionary
CRS US Equity;CARPENTER TECHNOLOGY;BBB-;US;Industrials
CAT US Equity;CATERPILLAR INC;A+;US;Industrials
LUMN US Equity;LUMEN TECHNOLOGIES INC;B;US;Communication Services
JPM US Equity;JPMORGAN CHASE & CO;AA-;US;Financials
CLF US Equity;CLEVELAND-CLIFFS INC;BB-;US;Materials
CMS US Equity;CMS ENERGY CORP;BBB;US;Utilities
CNA US Equity;CNA FINANCIAL CORP;A-;US;Financials
CMC US Equity;COMMERCIAL METALS CO;BB+;US;Materials
CAG US Equity;CONAGRA BRANDS INC;BBB-;US;Consumer Staples
ED US Equity;CONSOLIDATED EDISON INC;BBB+;US;Utilities
CSX US Equity;CSX CORP;A-;US;Industrials
TGT US Equity;TARGET CORP;A;US;Consumer Staples
DE US Equity;DEERE & CO;A+;US;Industrials
DLX US Equity;DELUXE CORP;B+;US;Industrials
DDS US Equity;DILLARDS INC-CL A;BBB-;US;Consumer Discretionary
D US Equity;DOMINION ENERGY INC;BBB+;US;Utilities
ECL US Equity;ECOLAB INC;A-;US;Materials
RVTY US Equity;REVVITY INC;BBB;US;Health Care
ELE SM Equity;ENDESA SA;BBB+;SP;Utilities
EQT US Equity;EQT CORP;BBB-;US;Energy
NEU US Equity;NEWMARKET CORP;BBB;US;Materials
FMCC US Equity;FREDDIE MAC;AA+;US;Financials
FNMA US Equity;FANNIE MAE;AA+;US;Financials
M US Equity;MACY'S INC;BBB-;US;Consumer Discretionary
FMC US Equity;FMC CORP;BB+;US;Materials
F US Equity;FORD MOTOR CO;BBB-;US;Consumer Discretionary
NEE US Equity;NEXTERA ENERGY INC;A-;US;Utilities
FCX US Equity;FREEPORT-MCMORAN INC;BBB;US;Materials
AJG US Equity;ARTHUR J GALLAGHER & CO;BBB+;US;Financials
GATX US Equity;GATX CORP;BBB+;US;Industrials
GPC US Equity;GENUINE PARTS CO;BBB-;US;Consumer Discretionary
GT US Equity;GOODYEAR TIRE & RUBBER CO;BB-;US;Consumer Discretionary
HOG US Equity;HARLEY-DAVIDSON INC;BBB+;US;Consumer Discretionary
LHX US Equity;L3HARRIS TECHNOLOGIES INC;BBB+;US;Industrials
HE US Equity;HAWAIIAN ELECTRIC INDS;B+;US;Utilities
HPQ US Equity;HP INC;BBB+;US;Information Technology
HXL US Equity;HEXCEL CORP;BBB-;US;Industrials
HD US Equity;HOME DEPOT INC;A;US;Consumer Discretionary
MTH US Equity;MERITAGE HOMES CORP;BBB-;US;Consumer Discretionary
7267 JP Equity;HONDA MOTOR CO LTD;A;JN;Consumer Discretionary
HMN US Equity;HORACE MANN EDUCATORS;BBB+;US;Financials
CNP US Equity;CENTERPOINT ENERGY INC;BBB;US;Utilities
HUBB US Equity;HUBBELL INC;A-;US;Industrials
HUM US Equity;HUMANA INC;BBB;US;Health Care
IEX US Equity;IDEX CORP;BBB+;US;Industrials
IBM US Equity;INTL BUSINESS MACHINES CORP;A-;US;Information Technology
IFF US Equity;INTL FLAVORS & FRAGRANCES;BBB;US;Materials
KMT US Equity;KENNAMETAL INC;BBB;US;Industrials
KIM US Equity;KIMCO REALTY CORP;A-;US;Real Estate
KSS US Equity;KOHLS CORP;BB-;US;Consumer Discretionary
LEG US Equity;LEGGETT & PLATT INC;BBB-;US;Consumer Discretionary
LEN US Equity;LENNAR CORP-A;BBB+;US;Consumer Discretionary
JEF US Equity;JEFFERIES FINANCIAL GROUP IN;BBB+;US;Financials
LNC US Equity;LINCOLN NATIONAL CORP;A-;US;Financials
HST US Equity;HOST HOTELS & RESORTS INC;BBB;US;Real Estate
MRSH US Equity;MARSH & MCLENNAN COS;A-;US;Financials
MAS US Equity;MASCO CORP;BBB;US;Industrials
MAT US Equity;MATTEL INC;BBB-;US;Consumer Discretionary
SPGI US Equity;S&P GLOBAL INC;A-;US;Financials
MDU US Equity;MDU RESOURCES GROUP INC;BBB+;US;Utilities
CVS US Equity;CVS HEALTH CORP;BBB;US;Health Care
MGM US Equity;MGM RESORTS INTERNATIONAL;BB-;US;Consumer Discretionary
MU US Equity;MICRON TECHNOLOGY INC;BBB;US;Information Technology
MMM US Equity;3M CO;A-;US;Industrials
MSI US Equity;MOTOROLA SOLUTIONS INC;BBB;US;Information Technology
MUR US Equity;MURPHY OIL CORP;BB+;US;Energy
BAC US Equity;BANK OF AMERICA CORP;AA-;US;Financials
NAB AU Equity;NATIONAL AUSTRALIA BANK LTD;AA-;AU;Financials
NFG US Equity;NATIONAL FUEL GAS CO;BBB;US;Utilities
NHI US Equity;NATL HEALTH INVESTORS INC;BBB-;US;Real Estate
THC US Equity;TENET HEALTHCARE CORP;BB-;US;Health Care
NEM US Equity;NEWMONT CORP;A-;US;Materials
NI US Equity;NISOURCE INC;BBB;US;Utilities
ES US Equity;EVERSOURCE ENERGY;BBB;US;Utilities
NOC US Equity;NORTHROP GRUMMAN CORP;BBB+;US;Industrials
WFC US Equity;WELLS FARGO & CO;A+;US;Financials
NUE US Equity;NUCOR CORP;A-;US;Materials
OXY US Equity;OCCIDENTAL PETROLEUM CORP;BBB;US;Energy
OGE US Equity;OGE ENERGY CORP;BBB+;US;Utilities
OLN US Equity;OLIN CORP;BB+;US;Materials
OKE US Equity;ONEOK INC;BBB;US;Energy
ACH US Equity;ACCENDRA HEALTH INC;B+;US;Health Care
PCG US Equity;P G & E CORP;BBB-;US;Utilities
PH US Equity;PARKER HANNIFIN CORP;A-;US;Industrials
MO US Equity;ALTRIA GROUP INC;BBB+;US;Consumer Staples
PHIA NA Equity;KONINKLIJKE PHILIPS NV;BBB+;NE;Health Care
COP US Equity;CONOCOPHILLIPS;A;US;Energy
PHM US Equity;PULTEGROUP INC;A-;US;Consumer Discretionary
PPC US Equity;PILGRIM'S PRIDE CORP;BBB-;US;Consumer Staples
PNW US Equity;PINNACLE WEST CAPITAL;BBB;US;Utilities
BCO US Equity;BRINK'S CO/THE;BB+;US;Industrials
PNC US Equity;PNC FINANCIAL SERVICES GROUP;A+;US;Financials
PPG US Equity;PPG INDUSTRIES INC;BBB+;US;Materials
C US Equity;CITIGROUP INC;A;US;Financials
PGR US Equity;PROGRESSIVE CORP;A+;US;Financials
RJF US Equity;RAYMOND JAMES FINANCIAL INC;A-;US;Financials
REP SM Equity;REPSOL SA;BBB+;SP;Energy
ROL US Equity;ROLLINS INC;BBB+;US;Industrials
RIO LN Equity;RIO TINTO PLC;A;GB;Materials
R US Equity;RYDER SYSTEM INC;BBB+;US;Industrials
EIX US Equity;EDISON INTERNATIONAL;BBB;US;Utilities
SCHW US Equity;SCHWAB (CHARLES) CORP;A;US;Financials
SSP US Equity;EW SCRIPPS CO/THE-A;CCC;US;Communication Services
SHW US Equity;SHERWIN-WILLIAMS CO/THE;BBB+;US;Materials
SNA US Equity;SNAP-ON INC;A;US;Industrials
SO US Equity;SOUTHERN CO/THE;BBB+;US;Utilities
TFC US Equity;TRUIST FINANCIAL CORP;A;US;Financials
LUV US Equity;SOUTHWEST AIRLINES CO;BBB+;US;Industrials
T US Equity;AT&T INC;BBB+;US;Communication Services
TRV US Equity;TRAVELERS COS INC/THE;A+;US;Financials
SWK US Equity;STANLEY BLACK & DECKER INC;BBB+;US;Industrials
SF US Equity;STIFEL FINANCIAL CORP;BBB+;US;Financials
SYY US Equity;SYSCO CORP;BBB;US;Consumer Staples
TEF SM Equity;TELEFONICA SA;BBB;SP;Communication Services
TMO US Equity;THERMO FISHER SCIENTIFIC INC;A-;US;Health Care
TOL US Equity;TOLL BROTHERS INC;BBB+;US;Consumer Discretionary
GL US Equity;GLOBE LIFE INC;A;US;Financials
TRP CN Equity;TC ENERGY CORP;BBB+;CA;Energy
TRN US Equity;TRINITY INDUSTRIES INC;BB;US;Industrials
UNP US Equity;UNION PACIFIC CORP;A-;US;Industrials
UNH US Equity;UNITEDHEALTH GROUP INC;A;US;Health Care
UHS US Equity;UNIVERSAL HEALTH SERVICES-B;BB+;US;Health Care
UVV US Equity;UNIVERSAL CORP/VA;BBB-;US;Consumer Staples
UNM US Equity;UNUM GROUP;BBB+;US;Financials
VOD LN Equity;VODAFONE GROUP PLC;BBB;GB;Communication Services
VNO US Equity;VORNADO REALTY TRUST;BB+;US;Real Estate
VMC US Equity;VULCAN MATERIALS CO;BBB+;US;Materials
WMT US Equity;WALMART INC;AA;US;Consumer Staples
WDC US Equity;WESTERN DIGITAL CORP;BB+;US;Information Technology
WBC AU Equity;WESTPAC BANKING CORP;AA-;AU;Financials
WHR US Equity;WHIRLPOOL CORP;BB+;US;Consumer Discretionary
WMB US Equity;WILLIAMS COS INC;BBB;US;Energy
WEC US Equity;WEC ENERGY GROUP INC;BBB+;US;Utilities
SPB US Equity;SPECTRUM BRANDS HOLDINGS INC;BB;US;Consumer Staples
AES US Equity;AES CORP;BBB-;US;Utilities
AMGN US Equity;AMGEN INC;BBB+;US;Health Care
CMCSA US Equity;COMCAST CORP-CLASS A;A-;US;Communication Services
INTC US Equity;INTEL CORP;BBB;US;Information Technology
KLAC US Equity;KLA CORP;A;US;Information Technology
ORCL US Equity;ORACLE CORP;BBB;US;Information Technology
PRGO US Equity;PERRIGO CO PLC;BB;IR;Health Care
COST US Equity;COSTCO WHOLESALE CORP;AA;US;Consumer Staples
SON US Equity;SONOCO PRODUCTS CO;BBB;US;Materials
TSN US Equity;TYSON FOODS INC-CL A;BBB;US;Consumer Staples
WOR US Equity;WORTHINGTON ENTERPRISES INC;BBB-;US;Industrials
SWKS US Equity;SKYWORKS SOLUTIONS INC;BBB+;US;Information Technology
SAFE US Equity;SAFEHOLD INC;A-;US;Real Estate
AZZ US Equity;AZZ INC;BB;US;Industrials
WRB US Equity;WR BERKLEY CORP;A;US;Financials
BOKF US Equity;BOK FINANCIAL CORPORATION;A;US;Financials
BPOP US Equity;POPULAR INC;BBB-;PR;Financials
BLX US Equity;BANCO LATINOAMERICANO COME-E;BBB;PN;Financials
MTZ US Equity;MASTEC INC;BBB-;US;Industrials
CATY US Equity;CATHAY GENERAL BANCORP;BB+;US;Financials
CBU US Equity;COMMUNITY FINANCIAL SYSTEM I;A-;US;Financials
CAH US Equity;CARDINAL HEALTH INC;BBB;US;Health Care
CENT US Equity;CENTRAL GARDEN & PET CO;BB;US;Consumer Staples
CPK US Equity;CHESAPEAKE UTILITIES CORP;BBB+;US;Utilities
CINF US Equity;CINCINNATI FINANCIAL CORP;A+;US;Financials
COLB US Equity;COLUMBIA BANKING SYSTEM INC;BBB+;US;Financials
CPF US Equity;CENTRAL PACIFIC FINANCIAL CO;BBB-;US;Financials
CSWC US Equity;CAPITAL SOUTHWEST CORP;BBB-;US;Financials
CVBF US Equity;CVB FINANCIAL CORP;BBB+;US;Financials
DHI US Equity;DR HORTON INC;A-;US;Consumer Discretionary
FLS US Equity;FLOWSERVE CORP;BBB-;US;Industrials
EA US Equity;ELECTRONIC ARTS INC;A-;US;Communication Services
MTB US Equity;M & T BANK CORP;A;US;Financials
FBP US Equity;FIRST BANCORP PUERTO RICO;BB+;PR;Financials
FITB US Equity;FIFTH THIRD BANCORP;A-;US;Financials
FHN US Equity;FIRST HORIZON CORP;BBB+;US;Financials
FUL US Equity;H.B. FULLER CO.;BB;US;Materials
HBAN US Equity;HUNTINGTON BANCSHARES INC;A-;US;Financials
HEI US Equity;HEICO CORP;BBB+;US;Industrials
ICUI US Equity;ICU MEDICAL INC;BB;US;Health Care
COHR US Equity;COHERENT CORP;BB;US;Information Technology
INDB US Equity;INDEPENDENT BANK CORP/MA;BBB;US;Financials
MERC US Equity;MERCER INTERNATIONAL INC;B-;CA;Materials
MHK US Equity;MOHAWK INDUSTRIES INC;BBB+;US;Consumer Discretionary
MCY US Equity;MERCURY GENERAL CORP;BBB;US;Financials
NBR US Equity;NABORS INDUSTRIES LTD;B;US;Energy
NTRS US Equity;NORTHERN TRUST CORP;AA-;US;Financials
NVR US Equity;NVR INC;A-;US;Consumer Discretionary
OSK US Equity;OSHKOSH CORP;BBB;US;Industrials
OTTR US Equity;OTTER TAIL CORP;BBB;US;Utilities
PATK US Equity;PATRICK INDUSTRIES INC;BB;US;Consumer Discretionary
PKOH US Equity;PARK-OHIO HOLDINGS CORP;B+;US;Industrials
BRO US Equity;BROWN & BROWN INC;BBB;US;Financials
RRX US Equity;REGAL REXNORD CORP;BBB-;US;Industrials
CDP US Equity;COPT DEFENSE PROPERTIES;BBB-;US;Real Estate
RPM US Equity;RPM INTERNATIONAL INC;BBB;US;Materials
AN US Equity;AUTONATION INC;BBB-;US;Consumer Discretionary
SIGI US Equity;SELECTIVE INSURANCE GROUP;A-;US;Financials
STC US Equity;STEWART INFORMATION SERVICES;BBB;US;Financials
PII US Equity;POLARIS INC;BBB-;US;Consumer Discretionary
KEY US Equity;KEYCORP;A-;US;Financials
STT US Equity;STATE STREET CORP;AA-;US;Financials
USB US Equity;US BANCORP;A+;US;Financials
GEN US Equity;GEN DIGITAL INC;BB+;US;Information Technology
TDS US Equity;TELEPHONE AND DATA SYSTEMS;BB+;US;Communication Services
TEVA IT Equity;TEVA PHARMACEUTICAL IND LTD;BB+;IS;Health Care
TRMK US Equity;TRUSTMARK CORP;BBB;US;Financials
UMBF US Equity;UMB FINANCIAL CORP;A-;US;Financials
KMPR US Equity;KEMPER CORP;BBB;US;Financials
WM US Equity;WASTE MANAGEMENT INC;A-;US;Industrials
AD US Equity;ARRAY DIGITAL INFRASTRUCTURE;BB+;US;Communication Services
ZION US Equity;ZIONS BANCORP NA;BBB+;US;Financials
AEM CN Equity;AGNICO EAGLE MINES LTD;BBB+;CA;Materials
ACO/X CN Equity;ATCO LTD -CLASS I;BBB+;CA;Utilities
BMO CN Equity;BANK OF MONTREAL;AA-;CA;Financials
BNS CN Equity;BANK OF NOVA SCOTIA;AA-;CA;Financials
SKT US Equity;TANGER INC;BBB;US;Real Estate
CM CN Equity;CAN IMPERIAL BK OF COMMERCE;AA-;CA;Financials
CNQ CN Equity;CANADIAN NATURAL RESOURCES;BBB+;CA;Energy
CU CN Equity;CANADIAN UTILITIES LTD-A;A-;CA;Utilities
FFH CN Equity;FAIRFAX FINANCIAL HLDGS LTD;A-;CA;Financials
FTS CN Equity;FORTIS INC;BBB+;CA;Utilities
GWO CN Equity;GREAT-WEST LIFECO INC;A+;CA;Financials
ENB CN Equity;ENBRIDGE INC;BBB+;CA;Energy
ARIS CN Equity;ARIS MINING CORP;B+;CA;Materials
MX CN Equity;METHANEX CORP;BB+;CA;Materials
NA CN Equity;NATIONAL BANK OF CANADA;A+;CA;Financials
PD CN Equity;PRECISION DRILLING CORP;BB-;CA;Energy
RY CN Equity;ROYAL BANK OF CANADA;AA-;CA;Financials
SU CN Equity;SUNCOR ENERGY INC;BBB+;CA;Energy
TKO CN Equity;TASEKO MINES LTD;B-;CA;Materials
TRI CN Equity;THOMSON REUTERS CORP;A-;CA;Industrials
TD CN Equity;TORONTO-DOMINION BANK;AA-;CA;Financials
FM CN Equity;FIRST QUANTUM MINERALS LTD;B;CA;Materials
ANTO LN Equity;ANTOFAGASTA PLC;BBB+;CL;Materials
BKG LN Equity;BERKELEY GROUP HOLDINGS/THE;BBB-;GB;Consumer Discretionary
BA/ LN Equity;BAE SYSTEMS PLC;A-;GB;Industrials
BLND LN Equity;BRITISH LAND CO PLC;A-;GB;Real Estate
CBG LN Equity;CLOSE BROTHERS GROUP PLC;BBB;GB;Financials
DLN LN Equity;DERWENT LONDON PLC;BBB+;GB;Real Estate
GRI LN Equity;GRAINGER PLC;BBB-;GB;Real Estate
HMSO LN Equity;HAMMERSON PLC;BBB+;GB;Real Estate
HAR SJ Equity;HARMONY GOLD MINING CO LTD;BB;SA;Materials
HSBA LN Equity;HSBC HOLDINGS PLC;A+;GB;Financials
IVZ US Equity;INVESCO LTD;A;US;Financials
KGF LN Equity;KINGFISHER PLC;BBB;GB;Consumer Discretionary
LGEN LN Equity;LEGAL & GENERAL GROUP PLC;A+;GB;Financials
PAG LN Equity;PARAGON BANKING GROUP PLC;BBB+;GB;Financials
PSON LN Equity;PEARSON PLC;BBB;GB;Consumer Discretionary
HBR LN Equity;HARBOUR ENERGY PLC;BBB-;GB;Energy
VANQ LN Equity;VANQUIS BANKING GROUP PLC;BB-;GB;Financials
PRU LN Equity;PRUDENTIAL PLC;A+;HK;Financials
SIG US Equity;SIGNET JEWELERS LTD;BBB-;US;Consumer Discretionary
REL LN Equity;RELX PLC;A-;GB;Industrials
RTO LN Equity;RENTOKIL INITIAL PLC;BBB;GB;Industrials
RR/ LN Equity;ROLLS-ROYCE HOLDINGS PLC;BBB+;GB;Industrials
NWG LN Equity;NATWEST GROUP PLC;A+;GB;Financials
SAP SJ Equity;SAPPI LIMITED;BB;SA;Materials
SDR LN Equity;SCHRODERS PLC;A+;GB;Financials
SVT LN Equity;SEVERN TRENT PLC;BBB;GB;Utilities
SGRO LN Equity;SEGRO PLC;BBB+;GB;Real Estate
SN/ LN Equity;SMITH & NEPHEW PLC;BBB+;GB;Health Care
STJ LN Equity;ST JAMES'S PLACE PLC;A;GB;Financials
STAN LN Equity;STANDARD CHARTERED PLC;A;GB;Financials
TSCO LN Equity;TESCO PLC;BBB;GB;Consumer Staples
TPK LN Equity;TRAVIS PERKINS PLC;BB+;GB;Industrials
LLOY LN Equity;LLOYDS BANKING GROUP PLC;A+;GB;Financials
VCP LN Equity;VICTORIA PLC;CCC;GB;Consumer Discretionary
WTB LN Equity;WHITBREAD PLC;BBB;GB;Consumer Discretionary
WPP LN Equity;WPP PLC;BBB;GB;Communication Services
CBA AU Equity;COMMONWEALTH BANK OF AUSTRAL;AA-;AU;Financials
RIO AU Equity;RIO TINTO LTD;A;AU;Materials
NUF AU Equity;NUFARM LTD;BB-;AU;Materials
DOW AU Equity;DOWNER EDI LTD;BBB;AU;Industrials
LLC AU Equity;LENDLEASE GROUP;BBB-;AU;Real Estate
QBE AU Equity;QBE INSURANCE GROUP LTD;A;AU;Financials
STO AU Equity;SANTOS LTD;BBB;AU;Energy
8601 JP Equity;DAIWA SECURITIES GROUP INC;A-;JN;Financials
8593 JP Equity;MITSUBISHI HC CAPITAL INC;A-;JN;Financials
8801 JP Equity;MITSUI FUDOSAN CO LTD;A;JN;Real Estate
7201 JP Equity;NISSAN MOTOR CO LTD;BB;JN;Consumer Discretionary
8604 JP Equity;NOMURA HOLDINGS INC;A-;JN;Financials
8591 JP Equity;ORIX CORP;A-;JN;Financials
7203 JP Equity;TOYOTA MOTOR CORP;A+;JN;Consumer Discretionary
OHI US Equity;OMEGA HEALTHCARE INVESTORS;BBB-;US;Real Estate
AC FP Equity;ACCOR SA;BBB-;FR;Consumer Discretionary
CS FP Equity;AXA SA;AA-;FR;Financials
ATO FP Equity;ATOS SE;B-;FR;Information Technology
BNP FP Equity;BNP PARIBAS;A+;FR;Financials
VIRI FP Equity;VIRIDIEN;B;FR;Energy
FRVIA FP Equity;FORVIA;BB+;FR;Consumer Discretionary
CO FP Equity;CASINO GUICHARD PERRACHON;CCC-;FR;Consumer Staples
LI FP Equity;KLEPIERRE;A-;FR;Real Estate
ML FP Equity;MICHELIN (CGDE);A;FR;Consumer Discretionary
GLE FP Equity;SOCIETE GENERALE SA;A-;FR;Financials
SW FP Equity;SODEXO SA;BBB+;FR;Consumer Discretionary
VK FP Equity;VALLOUREC SA;BBB-;FR;Energy
RDN US Equity;RADIAN GROUP INC;BBB+;US;Financials
ATCOA SS Equity;ATLAS COPCO AB-A SHS;A+;SW;Industrials
UCG IM Equity;UNICREDIT SPA;A-;IT;Financials
MB IM Equity;MEDIOBANCA SPA;BBB-;IT;Financials
RWE GR Equity;RWE AG;BBB+;GE;Utilities
BAYN GR Equity;BAYER AG-REG;BBB;GE;Health Care
CON GR Equity;CONTINENTAL AG;BBB;GE;Consumer Discretionary
DBK GR Equity;DEUTSCHE BANK AG-REGISTERED;A-;GE;Financials
BAS GR Equity;BASF SE;A;GE;Materials
G IM Equity;GENERALI;A+;IT;Financials
ERICB SS Equity;ERICSSON LM-B SHS;BBB-;SW;Information Technology
DBS SP Equity;DBS GROUP HOLDINGS LTD;AA-;SI;Financials
KBC BB Equity;KBC GROUP NV;A;BE;Financials
IBE SM Equity;IBERDROLA SA;BBB+;SP;Utilities
LHA GR Equity;DEUTSCHE LUFTHANSA-REG;BBB-;GE;Industrials
TIT IM Equity;TELECOM ITALIA SPA;BB;IT;Communication Services
TUI1 GR Equity;TUI AG;BB;GE;Consumer Discretionary
SKFB SS Equity;SKF AB-B SHARES;BBB+;SW;Industrials
VOW GR Equity;VOLKSWAGEN AG;A-;GE;Consumer Discretionary
EOAN GR Equity;E.ON SE;BBB+;GE;Utilities
ROG SW Equity;ROCHE HOLDING AG-GENUSSCHEIN;AA;SZ;Health Care
NOKIA FH Equity;NOKIA OYJ;BBB-;FI;Information Technology
14 HK Equity;HYSAN DEVELOPMENT CO;BBB;HK;Real Estate
OCBC SP Equity;OVERSEA-CHINESE BANKING CORP;AA-;SI;Financials
OMV AV Equity;OMV AG;A-;AS;Energy
INGA NA Equity;ING GROEP NV;A+;NE;Financials
19 HK Equity;SWIRE PACIFIC LTD - CL A;A-;HK;Industrials
SM US Equity;SM ENERGY CO;BB+;US;Energy
WHA NA Equity;WERELDHAVE NV;BBB;NE;Real Estate
688 HK Equity;CHINA OVERSEAS LAND & INVEST;A-;HK;Real Estate
123 HK Equity;YUEXIU PROPERTY CO LTD;BBB-;HK;Real Estate
412 HK Equity;SHANDONG HI-SPEED HOLDINGS;A-;HK;Utilities
135 HK Equity;KUNLUN ENERGY CO LTD;A;HK;Utilities
81 HK Equity;CHINA OVERSEAS GRAND OCEANS;BBB;HK;Real Estate
467 HK Equity;UNITED ENERGY GROUP LTD;BB-;HK;Energy
UOB SP Equity;UNITED OVERSEAS BANK LTD;AA-;SI;Financials
MS US Equity;MORGAN STANLEY;A+;US;Financials
ABC BI Equity;ARAB BANKING CORP BSC-$US;BBB-;BJ;Financials
MCHP US Equity;MICROCHIP TECHNOLOGY INC;BBB;US;Information Technology
LIVEPOL1 MM Equity;EL PUERTO DE LIVERPOOL-SER 1;BBB+;MX;Consumer Discretionary
ELD CN Equity;ELDORADO GOLD CORP;B+;CA;Materials
MCG LN Equity;MOBICO GROUP PLC;BB;GB;Industrials
SEBA SS Equity;SKANDINAVISKA ENSKILDA BAN-A;AA-;SW;Financials
SHBA SS Equity;SVENSKA HANDELSBANKEN-A SHS;AA;SW;Financials
CB US Equity;CHUBB LTD;A+;SZ;Financials
AGS BB Equity;AGEAS;A+;BE;Financials
JBL US Equity;JABIL INC;BBB-;US;Information Technology
ATR US Equity;APTARGROUP INC;BBB;US;Materials
ALMB DC Equity;ALM. BRAND A/S;A;DE;Financials
BBL TB Equity;BANGKOK BANK PUBLIC CO LTD;BBB;TH;Financials
BDMN IJ Equity;BANK DANAMON INDONESIA TBK;BBB;ID;Financials
BAY TB Equity;BANK OF AYUDHYA PCL;BBB+;TH;Financials
RCL US Equity;ROYAL CARIBBEAN CRUISES LTD;BBB;US;Consumer Discretionary
CEMEXCPO MM Equity;CEMEX SAB-CPO;BBB-;MX;Materials
WBD IM Equity;WEBUILD SPA;BB+;IT;Industrials
CCU CI Equity;CIA CERVECERIAS UNIDAS SA;BBB+;CL;Consumer Staples
CYDSASAA MM Equity;CYDSA SAB DE CV;BB+;MX;Materials
006800 KS Equity;MIRAE ASSET SECURITIES CO LT;BBB;SK;Financials
DANSKE DC Equity;DANSKE BANK A/S;A+;DE;Financials
SIGMAFA MM Equity;SIGMA FOODS SAB DE CV;BBB;MX;Consumer Staples
BIMBOA MM Equity;GRUPO BIMBO SAB- SERIES A;BBB+;MX;Consumer Staples
GMEXICOB MM Equity;GRUPO MEXICO SAB DE CV-SER B;BBB+;MX;Materials
TLEVICPO MM Equity;GRUPO TELEVISA SAB-SER CPO;BB+;MX;Communication Services
005380 KS Equity;HYUNDAI MOTOR CO;A-;SK;Consumer Discretionary
JPFA IJ Equity;JAPFA COMFEED INDONES-TBK PT;B+;ID;Consumer Staples
KIMBERA MM Equity;KIMBERLY-CLARK DE MEXICO-A;A;MX;Consumer Staples
017670 KS Equity;SK TELECOM;A-;SK;Communication Services
KTB TB Equity;KRUNG THAI BANK PUB CO LTD;BBB+;TH;Financials
MUV2 GR Equity;MUENCHENER RUECKVER AG-REG;AA-;GE;Financials
ETE GA Equity;NATIONAL BANK OF GREECE;BBB-;GR;Financials
PWON IJ Equity;PAKUWON JATI TBK PT;BB+;ID;Real Estate
RELIANCE IN Equity;RELIANCE INDUSTRIES LIMITED;BBB;IN;Energy
2812 TT Equity;TAICHUNG COMMERCIAL BANK;BBB;TA;Financials
1101 TT Equity;TCC GROUP HOLDINGS CO LTD;BBB-;TA;Materials
TECO2 AR Equity;TELECOM ARGENTINA S.A.-B;B-;AR;Communication Services
KBANK TB Equity;KASIKORNBANK PCL;BBB;TH;Financials
TTB TB Equity;TMBTHANACHART BANK PCL;BBB;TH;Financials
UNI IM Equity;UNIPOL ASSICURAZIONI SPA;A-;IT;Financials
2303 TT Equity;UNITED MICROELECTRONICS CORP;BBB+;TA;Information Technology
FRE GR Equity;FRESENIUS SE & CO KGAA;BBB-;GE;Health Care
NBG6 GR Equity;NUERNBERGER BETEILIG-AKT 'B';A-;GE;Financials
BSKP SW Equity;BASLER KANTONALBK - PC;AAA;SZ;Financials
EBS AV Equity;ERSTE GROUP BANK AG;A;AS;Financials
KSP ID Equity;KINGSPAN GROUP PLC;BBB;IR;Industrials
CPT US Equity;CAMDEN PROPERTY TRUST;A-;US;Real Estate
YPFD AR Equity;YPF S.A.-D;CCC+;AR;Energy
BWA US Equity;BORGWARNER INC;BBB+;US;Consumer Discretionary
LATOB SS Equity;INVESTMENT AB LATOUR-B SHS;A;SW;Industrials
SWEDA SS Equity;SWEDBANK AB - A SHARES;AA-;SW;Financials
GENT MK Equity;GENTING BHD;BBB;MA;Consumer Discretionary
GENM MK Equity;GENTING MALAYSIA BHD;BBB;MA;Consumer Discretionary
IT US Equity;GARTNER INC;BBB;US;Information Technology
ENELAM CI Equity;ENEL AMERICAS SA;BBB+;CL;Utilities
ROCK US Equity;GIBRALTAR INDUSTRIES INC;BB;US;Industrials
PTEN US Equity;PATTERSON-UTI ENERGY INC;BBB-;US;Energy
LXP US Equity;LXP INDUSTRIAL TRUST;BBB;US;Real Estate
VIAV US Equity;VIAVI SOLUTIONS INC;BB-;US;Information Technology
GARAN TI Equity;TURKIYE GARANTI BANKASI;BB-;TU;Financials
BBVACOL CB Equity;BBVA COLOMBIA SA;BB+;CO;Financials
FWRD US Equity;FORWARD AIR CORP;B;US;Industrials
K CN Equity;KINROSS GOLD CORP;BBB;CA;Materials
FLG US Equity;FLAGSTAR BANK NA;BB;US;Financials
MAA US Equity;MID-AMERICA APARTMENT COMM;A-;US;Real Estate
RNR US Equity;RENAISSANCERE HOLDINGS LTD;A;BD;Financials
MAP SM Equity;MAPFRE SA;A;SP;Financials
NTGY SM Equity;NATURGY ENERGY GROUP SA;BBB;SP;Utilities
OHLA SM Equity;OBRASCON HUARTE LAIN S.A.;B-;SP;Industrials
BPSO IM Equity;BANCA POPOLARE DI SONDRIO;BBB;IT;Financials
BPE IM Equity;BPER BANCA SPA;BBB;IT;Financials
ISP IM Equity;INTESA SANPAOLO;A-;IT;Financials
CE IM Equity;CREDITO EMILIANO SPA;BBB+;IT;Financials
FNM IM Equity;FNM SPA;BBB+;IT;Industrials
LDO IM Equity;LEONARDO SPA;BBB;IT;Industrials
IF IM Equity;BANCA IFIS SPA;BB+;IT;Financials
MBT PM Equity;METROPOLITAN BANK & TRUST;BBB-;PH;Financials
PTTEP TB Equity;PTT EXPLOR & PROD PUBLIC CO;BBB+;TH;Energy
015760 KS Equity;KOREA ELECTRIC POWER CORP;AA-;SK;Utilities
016360 KS Equity;SAMSUNG SECURITIES CO LTD;BBB+;SK;Financials
TIGO US Equity;MILLICOM INTL CELLULAR S.A.;BB+;LX;Communication Services
ABG SJ Equity;ABSA GROUP LTD;BB-;SA;Financials
BVT SJ Equity;BIDVEST GROUP LTD;BB;SA;Industrials
SBK SJ Equity;STANDARD BANK GROUP LTD;BB-;SA;Financials
GRT SJ Equity;GROWTHPOINT PROPERTIES LTD;BB+;SA;Real Estate
INL SJ Equity;INVESTEC LTD;BB-;SA;Financials
000027 CH Equity;SHENZHEN ENERGY GROUP CO L-A;A-;CH;Utilities
992 HK Equity;LENOVO GROUP LTD;BBB;CH;Information Technology
600803 CH Equity;ENN NATURAL GAS CO LTD-A;BBB;CH;Utilities
165 HK Equity;CHINA EVERBRIGHT LTD;BBB;HK;Financials
ALB US Equity;ALBEMARLE CORP;BBB-;US;Materials
PRN AU Equity;PERENTI LTD;BB+;AU;Materials
ICL IT Equity;ICL GROUP LTD;BBB-;IS;Materials
ATW MC Equity;ATTIJARIWAFA BANK;BB+;MO;Financials
KPN NA Equity;KONINKLIJKE KPN NV;BBB;NE;Communication Services
BBDC4 BZ Equity;BANCO BRADESCO SA-PREF;BB+;BZ;Financials
CMIG4 BZ Equity;CIA ENERGETICA MINAS GER-PRF;BB;BZ;Utilities
AXIA3 BZ Equity;AXIA ENERGIA;BB-;BZ;Utilities
ITUB4 BZ Equity;ITAU UNIBANCO HOLDING S-PREF;BB+;BZ;Financials
PETR4 BZ Equity;PETROBRAS - PETROLEO BRAS-PR;BB;BZ;Energy
VALE3 BZ Equity;VALE SA;BBB+;BZ;Materials
CMPC CI Equity;EMPRESAS CMPC SA;BBB;CL;Materials
COLBUN CI Equity;COLBUN SA;BBB+;CL;Utilities
COPEC CI Equity;EMPRESAS COPEC SA;BBB;CL;Consumer Discretionary
ENTEL CI Equity;EMPRESA NACIONAL DE TELECOM;BBB-;CL;Communication Services
ENELGXCH CI Equity;ENEL GENERACION CHILE SA;BBB+;CL;Utilities
MLM US Equity;MARTIN MARIETTA MATERIALS;BBB;US;Materials
DAR US Equity;DARLING INGREDIENTS INC;BB+;US;Consumer Staples
FLEX US Equity;FLEX LTD;BBB-;US;Information Technology
ADC US Equity;AGREE REALTY CORP;A-;US;Real Estate
PRU US Equity;PRUDENTIAL FINANCIAL INC;A;US;Financials
ENI IM Equity;ENI SPA;A-;IT;Energy
VET CN Equity;VERMILION ENERGY INC;BB-;CA;Energy
DCC LN Equity;DCC PLC;BBB;IR;Energy
KUOB MM Equity;GRUPO KUO SAB DE CV-SER B;BB;MX;Industrials
GEO US Equity;GEO GROUP INC/THE;B+;US;Industrials
RS US Equity;RELIANCE INC;BBB+;US;Materials
MATW US Equity;MATTHEWS INTL CORP-CLASS A;BB-;US;Consumer Discretionary
ICG LN Equity;ICG PLC;BBB+;GB;Financials
FR US Equity;FIRST INDUSTRIAL REALTY TR;BBB+;US;Real Estate
ANDINAA CI Equity;EMBOTELLADORA ANDINA-A PREF;BBB+;CL;Consumer Staples
BEN AU Equity;BENDIGO AND ADELAIDE BANK;A-;AU;Financials
BOQ AU Equity;BANK OF QUEENSLAND LTD;A-;AU;Financials
LT IN Equity;LARSEN & TOUBRO LTD;BBB+;IN;Industrials
SBIN IN Equity;STATE BANK OF INDIA;BBB-;IN;Financials
TAH AU Equity;TABCORP HOLDINGS LTD;BBB-;AU;Consumer Discretionary
MBK PW Equity;MBANK SA;BBB;PD;Financials
MIL PW Equity;BANK MILLENNIUM SA;BBB-;PD;Financials
ING PW Equity;ING BANK SLASKI SA;A+;PD;Financials
MEDC IJ Equity;MEDCO ENERGI INTERNASIONAL T;BB-;ID;Energy
CESP CP Equity;CESKA SPORITELNA A.S.;A;CZ;
ERA FP Equity;ERAMET;B;FR;Materials
HNR1 GR Equity;HANNOVER RUECK SE;A+;GE;Financials
DBG FP Equity;DERICHEBOURG;BB+;FR;Industrials
KOMB CP Equity;KOMERCNI BANKA AS;A;CZ;Financials
TGSU2 AR Equity;TRANSPORTADORA DE GAS SUR-B;B-;AR;Energy
CREDITC1 PE Equity;BANCO DE CREDITO DEL PERU-C;BBB;PE;Financials
SCOTIAC1 PE Equity;SCOTIABANK PERU-COMMON;A-;PE;Financials
BUENAVC1 PE Equity;CIA DE MINAS BUENAVENTUR-COM;BB;PE;Materials
INTERBC1 PE Equity;INTERBANK-COMUN;BBB;PE;Financials
SCCO US Equity;SOUTHERN COPPER CORP;BBB+;US;Materials
VOLCABC1 PE Equity;VOLCAN CIA MINERA SAA-CMN B;B;PE;Materials
LNG US Equity;CHENIERE ENERGY INC;BBB;US;Energy
USIM5 BZ Equity;USINAS SIDER MINAS GER-PF A;BB;BZ;Materials
GFNORTEO MM Equity;GRUPO FINANCIERO BANORTE-O;BBB-;MX;Financials
ARCLK TI Equity;ARCELIK AS;B+;TU;Consumer Discretionary
EREGL TI Equity;EREGLI DEMIR VE CELIK FABRIK;BB-;TU;Materials
FROTO TI Equity;FORD OTOMOTIV SANAYI AS;BB+;TU;Consumer Discretionary
YKBNK TI Equity;YAPI VE KREDI BANKASI;BB-;TU;Financials
902 HK Equity;HUANENG POWER INTL INC-H;A-;CH;Utilities
MCK US Equity;MCKESSON CORP;A-;US;Health Care
AF FP Equity;AIR FRANCE-KLM;BBB-;FR;Industrials
ENGI FP Equity;ENGIE;BBB+;FR;Utilities
ASSA PP Equity;GRUPO ASSA S.A.;BBB-;PN;
LMT US Equity;LOCKHEED MARTIN CORP;A;US;Industrials
COR US Equity;CENCORA INC;A-;US;Health Care
1193 HK Equity;CHINA RESOURCES GAS GROUP LT;A-;HK;Utilities
KIJA IJ Equity;KAWASAN INDUSTRI JABABEKA TB;B-;ID;Real Estate
2845 TT Equity;FAR EASTERN INTL BANK;BBB;TA;Financials
NISP IJ Equity;BANK OCBC NISP TBK PT;BBB;ID;Financials
601398 CH Equity;IND & COMM BK OF CHINA-A;A;CH;Financials
GRUMAB MM Equity;GRUMA S.A.B.-B;BBB+;MX;Consumer Staples
ORBIA* MM Equity;ORBIA ADVANCE CORP SAB DE CV;BBB-;MX;Materials
PE&OLES* MM Equity;INDUSTRIAS PENOLES SAB DE CV;BBB;MX;Materials
FEMSAUBD MM Equity;FOMENTO ECONOMICO MEXICA-UBD;A;MX;Consumer Staples
CSNA3 BZ Equity;CIA SIDERURGICA NACIONAL SA;B;BZ;Materials
CAP CI Equity;CAP SA;BB+;CL;Materials
BOGOTA CB Equity;BANCO DE BOGOTA;BB;CO;Financials
OCCID CB Equity;BANCO DE OCCIDENTE S.A.;BB;CO;Financials
CORFICOL CB Equity;CORP FINANCIERA COLOMBIANA;BB;CO;Financials
PROMIG CB Equity;PROMIGAS SA ESP;BBB-;CO;Utilities
BRKM5 BZ Equity;BRASKEM SA-PREF A;CC;BZ;Materials
BAZA3 BZ Equity;BANCO DA AMAZONIA SA;BB;BZ;Financials
BEES3 BZ Equity;BANESTES SA-BANCO ESTADO ESP;BB-;BZ;Financials
BSLI3 BZ Equity;BRB BANCO DE BRASILIA SA;CCC;BZ;Financials
GGBR4 BZ Equity;GERDAU SA-PREF;BBB;BZ;Materials
EMBJ3 BZ Equity;EMBRAER SA;BBB-;BZ;Industrials
KLBN4 BZ Equity;KLABIN SA-PREF;BB+;BZ;Materials
PTSB ID Equity;PERMANENT TSB GROUP HOLDINGS;BBB;IR;Financials
COF US Equity;CAPITAL ONE FINANCIAL CORP;A-;US;Financials
ALLY US Equity;ALLY FINANCIAL INC;BBB-;US;Financials
SLGN US Equity;SILGAN HOLDINGS INC;BB+;US;Materials
BMA AR Equity;BANCO MACRO SA-B;CCC+;AR;Financials
CAPX AR Equity;CAPEX S.A.-A 1 VOTE;B-;AR;Energy
PAMP AR Equity;PAMPA ENERGIA SA;B-;AR;Utilities
IRSA AR Equity;IRSA SA;B-;AR;Real Estate
AKBNK TI Equity;AKBANK T.A.S.;BB-;TU;Financials
GARFA TI Equity;GARANTI FAKTORING AS;BB-;TU;Financials
QNBTR TI Equity;QNB BANK AS;BB-;TU;Financials
QNBFK TI Equity;QNB FINANSAL KIRALAMA AS;BB-;TU;Financials
PETKM TI Equity;PETKIM PETROKIMYA HOLDING AS;CCC;TU;Materials
TUPRS TI Equity;TUPRAS-TURKIYE PETROL RAFINE;BB-;TU;Energy
THYAO TI Equity;TURK HAVA YOLLARI AO;BB;TU;Industrials
SISE TI Equity;TURK SISE VE CAM FABRIKALARI;B;TU;Industrials
ISCTR TI Equity;TURKIYE IS BANKASI-C;BB-;TU;Financials
KLNMA TI Equity;TURKIYE KALKINMA VE YATIRIM;BB-;TU;Financials
TSKB TI Equity;TURKIYE SINAI KALKINMA BANK;BB-;TU;Financials
VESTL TI Equity;VESTEL ELEKTRONIK SANAYI;CCC+;TU;Consumer Discretionary
MINSURI1 PE Equity;MINSUR SA-INVERSIONES;BBB-;PE;Materials
BBAS3 BZ Equity;BANCO DO BRASIL S.A.;BB;BZ;Financials
ORA FP Equity;ORANGE;BBB+;FR;Communication Services
2820 TT Equity;CHINA BILLS FINANCE CORP;BBB;TA;Financials
POLI IT Equity;BANK HAPOALIM BM;A-;IS;Financials
LUMI IT Equity;BANK LEUMI LE-ISRAEL;A-;IS;Financials
BDB IM Equity;BANCO DESIO E DELLA BRIANZA;BBB-;IT;Financials
ASML NA Equity;ASML HOLDING NV;A+;NE;Information Technology
BCI CI Equity;BANCO DE CREDITO E INVERSION;A-;CL;Financials
SCOTIABK CI Equity;SCOTIABANK CHILE;A+;CL;Financials
GASCO CI Equity;EMPRESAS GASCO SA;BBB-;CL;Utilities
ECL CI Equity;ENGIE ENERGIA CHILE SA;BBB;CL;Utilities
LTM CI Equity;LATAM AIRLINES GROUP SA;BB;CL;Industrials
MOLYMET CI Equity;MOLIBDENOS Y METALES S.A.;BBB-;CL;Materials
PARAUCO CI Equity;PARQUE ARAUCO S.A.;BBB;CL;Real Estate
HPCL IN Equity;HINDUSTAN PETROLEUM CORP;BBB-;IN;Energy
BPCL IN Equity;BHARAT PETROLEUM CORP LTD;BBB-;IN;Energy
ONGC IN Equity;OIL & NATURAL GAS CORP LTD;BBB-;IN;Energy
IOCL IN Equity;INDIAN OIL CORP LTD;BBB-;IN;Energy
COTY US Equity;COTY INC-CL A;BB+;US;Consumer Staples
JSTL IN Equity;JSW STEEL LTD;BB;IN;Materials
DRI US Equity;DARDEN RESTAURANTS INC;BBB;US;Consumer Discretionary
FGP LN Equity;FIRSTGROUP PLC;BBB;GB;Industrials
ACGL US Equity;ARCH CAPITAL GROUP LTD;A;BD;Financials
WAB US Equity;WABTEC CORP;BBB;US;Industrials
ALICORC1 PE Equity;ALICORP S.A.-COMUN;BBB;PE;Consumer Staples
BAP US Equity;CREDICORP LTD;BBB;PE;Financials
OTEX CN Equity;OPEN TEXT CORP;BB+;CA;Information Technology
MOL HB Equity;MOL HUNGARIAN OIL AND GAS PL;BBB-;HU;Energy
CMCO US Equity;COLUMBUS MCKINNON CORP/NY;B+;US;Industrials
NBS LN Equity;NATIONWIDE BUILDING SOC-CCDS;A;GB;Financials
LAZ US Equity;LAZARD INC;BBB+;US;Financials
BOA MC Equity;BANK OF AFRICA;BB;MO;Financials
FDS US Equity;FACTSET RESEARCH SYSTEMS INC;BBB+;US;Financials
OIBR4 BZ Equity;OI SA-PREFERENCE;C;BZ;Communication Services
TUPY3 BZ Equity;TUPY SA;BB-;BZ;Industrials
NUTRESA CB Equity;GRUPO NUTRESA SA;BB+;CO;Consumer Staples
6005 TT Equity;CAPITAL SECURITIES CORP;BBB-;TA;Financials
EDN AR Equity;EMP DISTRIB Y COMERC NORTE;CCC+;AR;Utilities
BBRI IJ Equity;BANK RAKYAT INDONESIA PERSER;BBB;ID;Financials
GYL ED Equity;BANCO GUAYAQUIL SA;CCC+;ED;Financials
PCD ED Equity;BANCO PICHINCHA CA;CCC+;ED;Financials
PTT TB Equity;PTT PCL;BBB+;TH;Energy
BIST PP Equity;BANISTMO SA;BB+;PN;
BICC BC Equity;BANQUE INTL COMMERCE ET INDU;B+;IV;Financials
FIRSTHLD NL Equity;FIRST HOLDCO PLC;B;NG;Financials
UBA NL Equity;UNITED BANK FOR AFRICA PLC;B;NG;Financials
WEMABANK NL Equity;WEMA BANK PLC;B-;NG;Financials
TTCH IN Equity;TATA CHEMICALS LTD;BB+;IN;Materials
WPRO IN Equity;WIPRO LTD;A-;IN;Information Technology
JUBLPHAR IN Equity;JUBILANT PHARMOVA LTD;BB;IN;Health Care
TLKM IJ Equity;TELKOM INDONESIA PERSERO TBK;BBB;ID;Communication Services
SHFL IN Equity;SHRIRAM FINANCE LTD;BB+;IN;Financials
MGFL IN Equity;MANAPPURAM FINANCE LTD;BB-;IN;Financials
HBM CN Equity;HUDBAY MINERALS INC;BB-;CA;Materials
NG/ LN Equity;NATIONAL GRID PLC;BBB-;GB;Utilities
BESI NA Equity;BE SEMICONDUCTOR INDUSTRIES;BB+;NE;Information Technology
DTE GR Equity;DEUTSCHE TELEKOM AG-REG;BBB+;GE;Communication Services
STERV FH Equity;STORA ENSO OYJ-R SHS;BBB-;FI;Materials
BOV MV Equity;BANK OF VALLETTA PLC;BBB;MB;Financials
FINN US Equity;FIRST NATL OF NEBRASKA INC;BBB;US;
MOTHERSO IN Equity;SAMVARDHANA MOTHERSON INTERN;BB+;IN;Consumer Discretionary
NBK KK Equity;NATIONAL BANK OF KUWAIT;A+;KU;Financials
GBK KK Equity;GULF BANK;A;KU;Financials
CBK KK Equity;COMMERCIAL BANK OF KUWAIT;A;KU;Financials
ABK KK Equity;AL AHLI BANK OF KUWAIT;A;KU;Financials
KIB KK Equity;KUWAIT INTERNATIONAL BANK;A;KU;Financials
BURG KK Equity;BURGAN BANK;A;KU;Financials
KFH KK Equity;KUWAIT FINANCE HOUSE;A;KU;Financials
KINV KK Equity;KUWAIT INVESTMENT CO;BB;KU;Financials
KPROJ KK Equity;KUWAIT PROJECTS HOLDING;BB-;KU;Financials
ARBK JR Equity;ARAB BANK PLC;BB;JO;Financials
AHLI JR Equity;JORDAN AHLI BANK;B+;JO;Financials
BOJX JR Equity;BANK OF JORDAN;BB-;JO;Financials
JOKB JR Equity;JORDAN KUWAIT BANK;B+;JO;Financials
JOIB JR Equity;JORDAN ISLAMIC BANK;BB-;JO;Financials
ETHD JR Equity;BANK AL ETIHAD;BB-;JO;Financials
BBNI IJ Equity;BANK NEGARA INDONESIA PERSER;BBB;ID;Financials
030200 KS Equity;KT CORP;A;SK;Communication Services
ORSTED DC Equity;ORSTED A/S;BBB;DE;Utilities
IMG CN Equity;IAMGOLD CORP;B+;CA;Materials
DSCT IT Equity;ISRAEL DISCOUNT BANK-A;A-;IS;Financials
PFG US Equity;PRINCIPAL FINANCIAL GROUP;A;US;Financials
ETL FP Equity;EUTELSAT COMMUNICATIONS;BB;FR;Communication Services
MQG AU Equity;MACQUARIE GROUP LTD;A;AU;Financials
PPC GA Equity;PUBLIC POWER CORP;BB-;GR;Utilities
DHL GR Equity;DHL GROUP;A-;GE;Industrials
BKMB OM Equity;BANKMUSCAT SAOG;BBB-;OM;Financials
NBOB OM Equity;NATIONAL BANK OF OMAN SAOG;BB+;OM;Financials
COMI EY Equity;COMMERCIAL INTERNATIONAL BAN;B;EG;Financials
NBB BI Equity;NATIONAL BANK OF BAHRAIN BSC;B+;BJ;Financials
BBK BI Equity;BBK BSC;B+;BJ;Financials
BEYON BI Equity;BEYON BSC;B+;BJ;Communication Services
BKDB OM Equity;BANK DHOFAR SAOG;BB+;OM;Financials
BMPS IM Equity;BANCA MONTE DEI PASCHI SIENA;BBB-;IT;Financials
CEC GR Equity;CECONOMY AG;BB;GE;Consumer Discretionary
MZTF IT Equity;MIZRAHI TEFAHOT BANK LTD;A-;IS;Financials
ALL AU Equity;ARISTOCRAT LEISURE LTD;BBB;AU;Consumer Discretionary
SABIC AB Equity;SAUDI BASIC INDUSTRIES CORP;A+;SR;Materials
6016 TT Equity;CONCORD SECURITIES CO LTD;BB+;TA;Financials
000660 KS Equity;SK HYNIX INC;BBB;SK;Information Technology
ZABA CZ Equity;ZAGREBACKA BANKA DD;A-;HR;Financials
HLX US Equity;HELIX ENERGY SOLUTIONS GROUP;BB-;US;Energy
WTFC US Equity;WINTRUST FINANCIAL CORP;BBB+;US;Financials
FME GR Equity;FRESENIUS MEDICAL CARE AG;BBB-;GE;Health Care
STLD US Equity;STEEL DYNAMICS INC;BBB+;US;Materials
VSAT US Equity;VIASAT INC;B;US;Information Technology
NTPC IN Equity;NTPC LTD;BBB-;IN;Utilities
IMB LN Equity;IMPERIAL BRANDS PLC;BBB;GB;Consumer Staples
RYA ID Equity;RYANAIR HOLDINGS PLC;BBB+;IR;Industrials
FALAB CI Equity;FALABELLA SA;BBB-;CL;Consumer Discretionary
LUSURC1 PE Equity;LUZ DEL SUR SAA-COMUN;BBB+;PE;Utilities
KIE LN Equity;KIER GROUP PLC;BB+;GB;Industrials
1109 HK Equity;CHINA RESOURCES LAND LTD;BBB+;HK;Real Estate
ULKER TI Equity;ULKER BISKUVI SANAYI;BB;TU;Consumer Staples
SASA TI Equity;SASA POLYESTER SANAYI;CCC;TU;Materials
KNCB KN Equity;KCB GROUP PLC;B-;KN;Financials
NCBA KN Equity;NCBA GROUP PLC;B-;KN;Financials
PAIL KN Equity;SANLAM KENYA PLC;B;KN;Financials
BHW PW Equity;BANK HANDLOWY W WARSZAWIE SA;A-;PD;Financials
KRC US Equity;KILROY REALTY CORP;BBB-;US;Real Estate
GEL US Equity;GENESIS ENERGY L.P.;BB-;US;Energy
VYX US Equity;NCR VOYIX CORP;BB;US;Information Technology
DGX US Equity;QUEST DIAGNOSTICS INC;BBB+;US;Health Care
ROK US Equity;ROCKWELL AUTOMATION INC;A;US;Industrials
EEFT US Equity;EURONET WORLDWIDE INC;BBB;US;Financials
BOS PW Equity;BANK OCHRONY SRODOWISKA SA;BB-;PD;Financials
1052 HK Equity;YUEXIU TRANSPORT INFRASTRUCT;BBB;HK;Industrials
BOB IN Equity;BANK OF BARODA;BBB-;IN;Financials
036460 KS Equity;KOREA GAS CORPORATION;AA-;SK;Utilities
AMT US Equity;AMERICAN TOWER CORP;BBB+;US;Real Estate
024110 KS Equity;INDUSTRIAL BANK OF KOREA;AA-;SK;Financials
EDP PL Equity;EDP SA;BBB;PO;Utilities
TTKOM TI Equity;TURK TELEKOMUNIKASYON AS;BB-;TU;Communication Services
HALKB TI Equity;TURKIYE HALK BANKASI;BB-;TU;Financials
AMZN US Equity;AMAZON.COM INC;AA-;US;Consumer Discretionary
BBCA IJ Equity;BANK CENTRAL ASIA TBK PT;BBB;ID;Financials
UNBK IN Equity;UNION BANK OF INDIA;BBB-;IN;Financials
VOYA US Equity;VOYA FINANCIAL INC;A-;US;Financials
RED SM Equity;REDEIA CORP SA;A-;SP;Utilities
KKR US Equity;KKR & CO INC;A;US;Financials
BQDC EY Equity;BANQUE DU CAIRE SAE;B;EG;
CIH MC Equity;CREDIT IMMOBILIER ET HOTELIE;BB;MO;Financials
VLK NA Equity;VAN LANSCHOT KEMPEN NV;A-;NE;Financials
SBSP3 BZ Equity;CIA SANEAMENTO BASICO DE SP;BB+;BZ;Utilities
RENT3 BZ Equity;LOCALIZA RENT A CAR;BB+;BZ;Industrials
MASQ UH Equity;MASHREQBANK;A;UA;Financials
AENZAC1 PE Equity;AENZA SAA;BB-;PE;Industrials
GRUPOSUR CB Equity;GRUPO DE INV SURAMERICANA;BB+;CO;Financials
SKBNK TI Equity;SEKERBANK;B+;TU;Financials
392 HK Equity;BEIJING ENTERPRISES HLDGS;A-;HK;Utilities
576 HK Equity;ZHEJIANG EXPRESSWAY CO-H;A;CH;Industrials
000776 CH Equity;GF SECURITIES CO LTD-A;BBB;CH;Financials
600000 CH Equity;SHANGHAI PUDONG DEVEL BANK-A;BBB;CH;Financials
RHC AU Equity;RAMSAY HEALTH CARE LTD;BBB-;AU;Health Care
NPI CN Equity;NORTHLAND POWER INC;BBB;CA;Utilities
ALV US Equity;AUTOLIV INC;BBB+;SW;Consumer Discretionary
VLO US Equity;VALERO ENERGY CORP;BBB;US;Energy
BOI IN Equity;BANK OF INDIA;BBB-;IN;Financials
LEVI US Equity;LEVI STRAUSS & CO- CLASS A;BBB-;US;Consumer Discretionary
SLG US Equity;SL GREEN REALTY CORP;BB+;US;Real Estate
MRSA5B BZ Equity;MRS LOGISTICA SA-PREF A;BB+;BZ;Industrials
SAB SM Equity;BANCO DE SABADELL SA;BBB+;SP;Financials
ABOB OM Equity;AHLI BANK;BB+;OM;Financials
POWF IN Equity;POWER FINANCE CORPORATION;BBB-;IN;Financials
BN CN Equity;BROOKFIELD CORP;A-;CA;Financials
ERF FP Equity;EUROFINS SCIENTIFIC;BBB-;LX;Health Care
ERG IM Equity;ERG SPA;BBB-;IT;Utilities
GAIL IN Equity;GAIL INDIA LTD;BBB-;IN;Utilities
EPR US Equity;EPR PROPERTIES;BBB-;US;Real Estate
ATB TU Equity;ARAB TUNISIAN BANK;B-;TN;Financials
UBCI TU Equity;UNION BANC. COM. & INDUSTRIE;B-;TN;Financials
SAH US Equity;SONIC AUTOMOTIVE INC-CLASS A;BB;US;Consumer Discretionary
RHP US Equity;RYMAN HOSPITALITY PROPERTIES;BB;US;Real Estate
AMKR US Equity;AMKOR TECHNOLOGY INC;BB+;US;Information Technology
BX US Equity;BLACKSTONE INC;A+;US;Financials
FE US Equity;FIRSTENERGY CORP;BBB;US;Utilities
MKSI US Equity;MKS INC;BB;US;Information Technology
INGR US Equity;INGREDION INC;BBB;US;Consumer Staples
914 HK Equity;ANHUI CONCH CEMENT CO LTD-H;A;CH;Materials
PWR US Equity;QUANTA SERVICES INC;BBB;US;Industrials
CG US Equity;CARLYLE GROUP INC/THE;A-;US;Financials
WCC US Equity;WESCO INTERNATIONAL INC;BB+;US;Industrials
TLV RO Equity;BANCA TRANSILVANIA SA;BBB-;RO;Financials
SCHP FP Equity;SECHE ENVIRONNEMENT;BB;FR;Industrials
CCI US Equity;CROWN CASTLE INC;BBB+;US;Real Estate
AQN CN Equity;ALGONQUIN POWER & UTILITIES;BBB;CA;Utilities
INF LN Equity;INFORMA PLC;BBB;GB;Communication Services
ISA CB Equity;INTERCONEXION ELECTRICA SA;BBB-;CO;Utilities
ETB CB Equity;EMPRESA DE TELECOM DE BOGOTA;BB;CO;Communication Services
GTY US Equity;GETTY REALTY CORP;BBB-;US;Real Estate
SBAC US Equity;SBA COMMUNICATIONS CORP;BBB-;US;Real Estate
ALA CN Equity;ALTAGAS LTD;BBB;CA;Utilities
CNX US Equity;CNX RESOURCES CORP;BB+;US;Energy
KZTK KZ Equity;KAZAKHTELECOM;BBB-;KZ;Communication Services
EGIE3 BZ Equity;ENGIE BRASIL ENERGIA SA;BB+;BZ;Utilities
FORTUM FH Equity;FORTUM OYJ;BBB+;FI;Utilities
ACE IM Equity;ACEA SPA;BBB+;IT;Utilities
1171 HK Equity;YANKUANG ENERGY GROUP CO-H;BB+;CH;Energy
2836 TT Equity;BANK OF KAOHSIUNG;BBB+;TA;Financials
600170 CH Equity;SHANGHAI CONSTRUCTION GROU-A;BBB;CH;Industrials
6425 JP Equity;UNIVERSAL ENTERTAINMENT CORP;B-;JN;Consumer Discretionary
AXSB IN Equity;AXIS BANK LTD;BB+;IN;Financials
HSBK KZ Equity;HALYK SAVINGS BANK-KAZAKHSTN;BBB-;KZ;Financials
BMRI IJ Equity;BANK MANDIRI PERSERO TBK PT;BBB;ID;Financials
AMP AU Equity;AMP LTD;BBB+;AU;Financials
CSGP US Equity;COSTAR GROUP INC;BBB;US;Real Estate
RSG US Equity;REPUBLIC SERVICES INC;A-;US;Industrials
PAA US Equity;PLAINS ALL AMER PIPELINE LP;BBB;US;Energy
GIL CN Equity;GILDAN ACTIVEWEAR INC;BBB;CA;Consumer Discretionary
DCH US Equity;DAUCH CORPORATION;BB-;US;Consumer Discretionary
GS US Equity;GOLDMAN SACHS GROUP INC;A;US;Financials
ATLC US Equity;ATLANTICUS HOLDINGS CORP;B;US;Financials
BATS LN Equity;BRITISH AMERICAN TOBACCO PLC;BBB+;GB;Consumer Staples
SRE US Equity;SEMPRA;BBB+;US;Utilities
CBK IN Equity;CANARA BANK;BBB-;IN;Financials
MCO US Equity;MOODY'S CORP;BBB+;US;Financials
PEO PW Equity;BANK PEKAO SA;BBB+;PD;Financials
ARNB AB Equity;ARAB NATIONAL BANK;A-;SR;Financials
GTC PW Equity;GLOBE TRADE CENTRE SA;B;PD;Real Estate
CNC US Equity;CENTENE CORP;BBB;US;Health Care
SABB AB Equity;SAUDI AWWAL BANK;A-;SR;Financials
TCELL TI Equity;TURKCELL ILETISIM HIZMET AS;BB-;TU;Communication Services
AVAL CB Equity;GRUPO AVAL ACCIONES Y VAL SA;BB;CO;Financials
AXTELCPO MM Equity;AXTEL SAB DE CV - CPO;BB;MX;Communication Services
3908 HK Equity;CHINA INTERNATIONAL CAPITA-H;BBB+;CH;Financials
EWBC US Equity;EAST WEST BANCORP INC;BBB+;US;Financials
JBLU US Equity;JETBLUE AIRWAYS CORP;B-;US;Industrials
PGE PW Equity;PGE SA;BBB;PD;Utilities
RJHI AB Equity;AL RAJHI BANK;A;SR;Financials
BJAZ AB Equity;BANK AL-JAZIRA;A-;SR;Financials
ILMN US Equity;ILLUMINA INC;BBB;US;Health Care
TKA AV Equity;TELEKOM AUSTRIA AG;A-;AS;Communication Services
VAKBN TI Equity;TURKIYE VAKIFLAR BANKASI T-D;BB-;TU;Financials
UBK GR Equity;UMWELTBANK AG;BBB-;GE;Financials
ALSEA* MM Equity;ALSEA SAB DE CV;BB+;MX;Consumer Discretionary
WDP BB Equity;WAREHOUSES DE PAUW SCA;BBB+;BE;Real Estate
IPS FP Equity;IPSOS;BBB;FR;Communication Services
2886 HK Equity;BINHAI INVESTMENT COMPANY LT;BB+;HK;Utilities
686 HK Equity;BEIJING ENERGY INTERNATIONAL;A-;HK;Utilities
BNPPPL PW Equity;BNP PARIBAS BANK POLSKA SA;A+;PD;Financials
ECPG US Equity;ENCORE CAPITAL GROUP INC;BB+;US;Financials
SLM US Equity;SLM CORP;BB+;US;Financials
DVN US Equity;DEVON ENERGY CORP;BBB+;US;Energy
BYLOT GA Equity;BALLYS INTRALOT SA;B+;GR;Consumer Discretionary
PKN PW Equity;ORLEN SA;BBB+;PD;Energy
AAL LN Equity;ANGLO AMERICAN PLC;BBB+;GB;Materials
FBAVP BB Equity;BNP PARIBAS FORTIS SA- AUC;A+;BE;Financials
ADCB UH Equity;ABU DHABI COMMERCIAL BANK;A+;UA;Financials
BSF AB Equity;BANQUE SAUDI FRANSI;A-;SR;Financials
MGR AU Equity;MIRVAC GROUP;A-;AU;Real Estate
ARLP US Equity;ALLIANCE RESOURCE PARTNERS;BB;US;Energy
IRE IM Equity;IREN SPA;BBB;IT;Utilities
NOS PL Equity;NOS SGPS;BBB;PO;Communication Services
KZTO KZ Equity;KAZTRANSOIL JSC;BBB;KZ;Energy
600500 CH Equity;SINOCHEM INTL CORP-A;A-;CH;Industrials
A US Equity;AGILENT TECHNOLOGIES INC;BBB+;US;Health Care
IOB IN Equity;INDIAN OVERSEAS BANK;BBB-;IN;Financials
BEP-U CN Equity;BROOKFIELD RENEWABLE PARTNER;BBB+;CA;Utilities
RAKBANK UH Equity;NATIONAL BANK OF RAS AL-KHAI;BBB+;UA;Financials
PFD LN Equity;PREMIER FOODS PLC;BB+;GB;Consumer Staples
EMA CN Equity;EMERA INC;BBB;CA;Utilities
BFH US Equity;BREAD FINANCIAL HOLDINGS INC;BB;US;Financials
ELV US Equity;ELEVANCE HEALTH INC;A-;US;Health Care
ABG US Equity;ASBURY AUTOMOTIVE GROUP;BB;US;Consumer Discretionary
BBKP IJ Equity;BANK KB INDONESIA TBK PT;BBB;ID;Financials
SPL PW Equity;SANTANDER BANK POLSKA SA;A-;PD;Financials
600019 CH Equity;BAOSHAN IRON & STEEL CO-A;A;CH;Materials
ENEL IM Equity;ENEL SPA;BBB+;IT;Utilities
HLE GR Equity;HELLA GMBH & CO KGAA;BBB-;GE;Consumer Discretionary
KMGZ KZ Equity;KAZMUNAYGAZ NATIONAL CO JSC;BBB;KZ;Energy
MFC CN Equity;MANULIFE FINANCIAL CORP;A+;CA;Financials
FAB UH Equity;FIRST ABU DHABI BANK PJSC;AA-;UA;Financials
NATU3 BZ Equity;NATURA COSMETICOS SA;BB+;BZ;Consumer Staples
SYNA US Equity;SYNAPTICS INC;BB;US;Information Technology
ALPEKA MM Equity;ALPEK SA DE CV;BB+;MX;Materials
CRL US Equity;CHARLES RIVER LABORATORIES;BBB-;US;Health Care
DTE US Equity;DTE ENERGY COMPANY;BBB;US;Utilities
088350 KS Equity;HANWHA LIFE INSURANCE CO LTD;A;SK;Financials
HCLT IN Equity;HCL TECHNOLOGIES LTD;A-;IN;Information Technology
ENTG US Equity;ENTEGRIS INC;BB;US;Information Technology
PFDAVVND CB Equity;BANCO DAVIVIENDA SA;BB;CO;Financials
PWGR IN Equity;POWER GRID CORP OF INDIA LTD;BBB-;IN;Utilities
HUDCO IN Equity;HOUSING & URBAN DEV CORP LTD;BBB-;IN;Financials
TDY US Equity;TELEDYNE TECHNOLOGIES INC;BBB;US;Information Technology
MET US Equity;METLIFE INC;A;US;Financials
TNET US Equity;TRINET GROUP INC;BB+;US;Industrials
CYH US Equity;COMMUNITY HEALTH SYSTEMS INC;CCC+;US;Health Care
TTMI US Equity;TTM TECHNOLOGIES;BB;US;Information Technology
GPN US Equity;GLOBAL PAYMENTS INC;BBB;US;Financials
KOF FP Equity;KAUFMAN & BROAD SA;BBB-;FR;Consumer Discretionary
ISFIN TI Equity;IS FINANSAL KIRALAMA AS;BB-;TU;Financials
AEFES TI Equity;ANADOLU EFES BIRACILIK VE;BB;TU;Consumer Staples
ZOREN TI Equity;ZORLU ENERJI ELEKTRIK URETIM;B+;TU;Utilities
ENG SM Equity;ENAGAS SA;BBB+;SP;Utilities
GLJ GR Equity;GRENKE AG;BBB;GE;Financials
DIB UH Equity;DUBAI ISLAMIC BANK;A;UA;Financials
GMAB DC Equity;GENMAB A/S;BB;DE;Health Care
PRE ED Equity;BANCO DE LA PRODUCCION SA;B-;ED;Financials
NEMAKA MM Equity;NEMAK SAB DE CV;BBB-;MX;Consumer Discretionary
XEL US Equity;XCEL ENERGY INC;BBB+;US;Utilities
8306 JP Equity;MITSUBISHI UFJ FINANCIAL GRO;A-;JN;Financials
966 HK Equity;CHINA TAIPING INSURANCE HOLD;A-;HK;Financials
CCL LN Equity;CARNIVAL PLC;BBB-;US;Consumer Discretionary
BDO PM Equity;BDO UNIBANK INC;BBB-;PH;Financials
ENGI3 BZ Equity;ENERGISA S.A.;BB+;BZ;Utilities
2897 TT Equity;O-BANK CO LTD;BBB;TA;Financials
2408 TT Equity;NANYA TECHNOLOGY CORP;BB+;TA;Information Technology
SNX US Equity;TD SYNNEX CORP;BBB-;US;Information Technology
RENE PL Equity;REDES ENERGETICAS NACIONAIS;BBB;PO;Utilities
BHARTI IN Equity;BHARTI AIRTEL LTD;BBB-;IN;Communication Services
TEMN SW Equity;TEMENOS AG - REG;BBB;SZ;Information Technology
FLO US Equity;FLOWERS FOODS INC;BBB-;US;Consumer Staples
AMXB MM Equity;AMERICA MOVIL SAB DE C-SER B;A-;MX;Communication Services
ZBH US Equity;ZIMMER BIOMET HOLDINGS INC;BBB;US;Health Care
WTW US Equity;WILLIS TOWERS WATSON PLC;BBB+;GB;Financials
AMN US Equity;AMN HEALTHCARE SERVICES INC;BB;US;Health Care
BRD RO Equity;BRD-GROUPE SOCIETE GENERALE;BBB+;RO;Financials
SRG IM Equity;SNAM SPA;BBB+;IT;Utilities
TABREED UH Equity;TABREED;BBB;UA;Utilities
RIBL AB Equity;RIYAD BANK;A-;SR;Financials
SIBC AB Equity;SAUDI INVESTMENT BANK/THE;A-;SR;Financials
SECO AB Equity;SAUDI ENERGY CO;A+;SR;Utilities
ADIB UH Equity;ABU DHABI ISLAMIC BANK;A+;UA;Financials
2688 HK Equity;ENN ENERGY HOLDINGS LTD;BBB+;CH;Utilities
IMCD NA Equity;IMCD NV;BBB-;NE;Industrials
BOS UH Equity;BANK OF SHARJAH;BBB+;UA;Financials
CBI UH Equity;COMMERCIAL BANK INTERNATIONA;BBB+;UA;Financials
CBD UH Equity;COMMERCIAL BANK OF DUBAI;A-;UA;Financials
SIB UH Equity;SHARJAH ISLAMIC BANK;BBB+;UA;Financials
UAB UH Equity;UNITED ARAB BANK PJSC;BBB+;UA;Financials
FIS US Equity;FIDELITY NATIONAL INFO SERV;BBB;US;Financials
XPO US Equity;XPO INC;BB+;US;Industrials
ACA FP Equity;CREDIT AGRICOLE SA;A+;FR;Financials
FIM MV Equity;FIMBANK PLC;B+;MB;Financials
